var_ref,var_pos,var_alt,normalized_activity_score_mean,normalized_activity_score_std,ks_fdr_pvalue,classification,mutation
M,2,A,1.633055189,0.253170786,9.59e-08,high_activity,M2A
M,2,C,1.378047053,0.137263733,0.003206724,high_activity,M2C
M,2,D,1.832481129,0.290824368,1.14e-10,high_activity,M2D
M,2,E,1.460100239,0.108481792,0.018508273,high_activity,M2E
M,2,F,0.80256516,0.380187062,0.043983574,low_activity,M2F
M,2,G,1.075134629,0.152256771,0.734205736,non-significant,M2G
M,2,H,1.429691708,0.231171114,0.006774928,high_activity,M2H
M,2,I,0.85645252,0.132283619,0.146453025,non-significant,M2I
M,2,K,1.120290419,0.120473052,0.093108075,non-significant,M2K
M,2,L,0.759335727,0.21478803,0.150712079,non-significant,M2L
M,2,N,1.486403027,0.192783867,9.75127e-05,high_activity,M2N
M,2,P,1.263781934,0.087103034,0.230811075,non-significant,M2P
M,2,Q,1.368167785,0.112533645,0.006099919,high_activity,M2Q
M,2,R,1.07955332,0.162235653,0.732999623,non-significant,M2R
M,2,S,1.239614442,0.207959432,0.029117806,high_activity,M2S
M,2,T,1.918200304,0.169274827,0.001006519,high_activity,M2T
M,2,W,0.734639146,0.281695242,0.234941565,non-significant,M2W
M,2,Y,0.887118405,0.114114506,0.12327764,non-significant,M2Y
A,3,C,0.924559094,0.196241693,0.2424508,non-significant,A3C
A,3,D,1.852973579,0.157263849,5.22e-08,high_activity,A3D
A,3,E,1.479883423,0.468420361,0.000561125,high_activity,A3E
A,3,F,0.586702249,0.111753858,3.1e-06,low_activity,A3F
A,3,G,1.395736402,0.445166376,0.0274107,high_activity,A3G
A,3,H,1.133674145,0.166276942,0.174422194,non-significant,A3H
A,3,I,0.524750517,0.105488572,8.13e-07,low_activity,A3I
A,3,K,0.959644045,0.279247802,0.813095585,non-significant,A3K
A,3,L,0.684173401,0.286298469,0.02043867,low_activity,A3L
A,3,M,0.782037844,0.308497178,0.090207325,non-significant,A3M
A,3,N,1.574758403,0.128167575,1.3e-06,high_activity,A3N
A,3,P,1.491736002,0.182043958,0.009872656,high_activity,A3P
A,3,Q,1.35885233,0.303421427,0.000103707,high_activity,A3Q
A,3,R,1.144004334,0.179018267,0.354313593,non-significant,A3R
A,3,S,1.14360533,0.128385514,0.096949693,non-significant,A3S
A,3,T,1.110446123,0.209631029,0.882863414,non-significant,A3T
A,3,V,0.653018787,0.243835749,4.95673e-05,low_activity,A3V
A,3,W,0.630512416,0.230999011,0.001648827,low_activity,A3W
A,3,Y,0.633406025,0.176983199,2.69217e-05,low_activity,A3Y
Y,4,A,1.477776491,0.281091695,0.001875236,high_activity,Y4A
Y,4,C,1.10858656,0.234326122,0.509690512,non-significant,Y4C
Y,4,D,1.578069187,0.290328032,1.11e-07,high_activity,Y4D
Y,4,E,1.893396857,0.123108689,1.18e-21,high_activity,Y4E
Y,4,F,0.946584824,0.230719804,0.439044952,non-significant,Y4F
Y,4,G,1.442999938,0.430072471,0.003702111,high_activity,Y4G
Y,4,H,1.298735224,0.252675985,0.010812373,high_activity,Y4H
Y,4,I,0.842294416,0.239453319,0.228705453,non-significant,Y4I
Y,4,K,1.112292452,0.421891508,0.106241541,non-significant,Y4K
Y,4,L,1.047562693,0.134819175,0.694226138,non-significant,Y4L
Y,4,M,1.475770031,0.444301135,0.075963176,non-significant,Y4M
Y,4,N,1.684333763,0.318086411,1.02545e-05,high_activity,Y4N
Y,4,P,1.540119471,0.342577725,1.6e-07,high_activity,Y4P
Y,4,Q,1.55344562,0.013233561,1.35e-07,high_activity,Y4Q
Y,4,R,1.13791224,0.095018501,0.559698906,non-significant,Y4R
Y,4,S,1.510280458,0.366078891,3.0905e-05,high_activity,Y4S
Y,4,T,1.240060856,0.257078485,0.083543516,non-significant,Y4T
Y,4,V,0.969212624,0.110286694,0.363271744,non-significant,Y4V
Y,4,W,0.787885968,0.07170426,0.057187621,non-significant,Y4W
M,5,A,1.455933769,0.345434196,0.022720544,high_activity,M5A
M,5,C,1.402433281,0.141417944,0.006390541,high_activity,M5C
M,5,D,1.667582858,0.258207601,1.65e-06,high_activity,M5D
M,5,E,1.5406946,0.241046054,9.62799e-05,high_activity,M5E
M,5,F,0.753144391,0.212152672,0.006060211,low_activity,M5F
M,5,G,1.462165432,0.192324759,0.002227596,high_activity,M5G
M,5,H,1.674819042,0.188579797,5.72e-09,high_activity,M5H
M,5,I,0.714849908,0.091012833,0.004911268,low_activity,M5I
M,5,K,1.240379093,0.170842197,0.006332017,high_activity,M5K
M,5,L,0.692726191,0.111920885,0.229504131,non-significant,M5L
M,5,N,1.165486171,0.363416239,0.316074969,non-significant,M5N
M,5,P,1.436314108,0.086642111,5.68707e-05,high_activity,M5P
M,5,Q,1.43771415,0.159300259,5.64e-06,high_activity,M5Q
M,5,R,1.132569723,0.097171966,0.092430029,non-significant,M5R
M,5,S,1.446331019,0.306952457,0.001637095,high_activity,M5S
M,5,T,1.273741941,0.064551891,0.006725395,high_activity,M5T
M,5,V,1.016274964,0.309102315,0.674150892,non-significant,M5V
M,5,W,0.850167681,0.226780919,0.389163644,non-significant,M5W
M,5,Y,0.88429579,0.134153081,0.322641405,non-significant,M5Y
N,6,A,0.796639225,0.209900516,0.169983724,non-significant,N6A
N,6,C,0.621005829,0.164823672,0.021588552,low_activity,N6C
N,6,D,1.019407315,0.309227969,0.67797385,non-significant,N6D
N,6,E,1.283707242,0.138463535,0.08268518,non-significant,N6E
N,6,G,0.904561266,0.177034662,0.09220113,non-significant,N6G
N,6,H,0.758075123,0.231438507,0.100945757,non-significant,N6H
N,6,I,0.743034377,0.177272866,0.048075036,low_activity,N6I
N,6,K,0.95022597,0.247751857,0.16548803,non-significant,N6K
N,6,L,0.521111935,0.109825168,8.26e-07,low_activity,N6L
N,6,M,0.662151249,0.21705456,0.001363566,low_activity,N6M
N,6,P,0.907776542,0.097442868,0.170977214,non-significant,N6P
N,6,Q,0.889778556,0.197498484,0.637890018,non-significant,N6Q
N,6,R,0.740831269,0.254635327,0.074938879,non-significant,N6R
N,6,S,0.875912353,0.119847014,0.317098393,non-significant,N6S
N,6,T,0.910527956,0.163415856,0.358075274,non-significant,N6T
N,6,V,0.643796015,0.104271333,0.014027914,low_activity,N6V
N,6,W,0.568603038,0.19216328,0.000296324,low_activity,N6W
N,6,Y,0.806101468,0.173581417,0.124860328,non-significant,N6Y
P,7,A,1.167270171,0.290918199,0.547145322,non-significant,P7A
P,7,C,0.670040147,0.224516042,0.000206679,low_activity,P7C
P,7,D,1.408958182,0.107308006,3.57e-06,high_activity,P7D
P,7,E,1.508248135,0.157181291,0.000226181,high_activity,P7E
P,7,F,0.606443485,0.165203977,0.000119878,low_activity,P7F
P,7,G,1.055234953,0.23635848,0.967832644,non-significant,P7G
P,7,H,0.861958093,0.169911491,0.289313292,non-significant,P7H
P,7,I,0.876979731,0.461558018,0.518634217,non-significant,P7I
P,7,K,0.98052993,0.205546503,0.964517257,non-significant,P7K
P,7,L,0.590732439,0.050795171,0.000130044,low_activity,P7L
P,7,M,0.782845054,0.10718965,0.022619981,low_activity,P7M
P,7,N,1.372195736,0.175705515,0.000389654,high_activity,P7N
P,7,Q,1.327019413,0.208487583,0.000177966,high_activity,P7Q
P,7,R,1.031532209,0.144867015,0.370406777,non-significant,P7R
P,7,S,1.09087894,0.191169708,0.792992393,non-significant,P7S
P,7,T,0.706803656,0.118297419,0.123380029,non-significant,P7T
P,7,V,0.685534903,0.288540617,0.091680653,non-significant,P7V
P,7,W,0.635492177,0.10993362,0.000821545,low_activity,P7W
P,7,Y,0.678606432,0.243359556,0.02088565,low_activity,P7Y
G,8,A,1.000484991,0.290674437,0.932304419,non-significant,G8A
G,8,C,0.744153845,0.114731394,0.099435398,non-significant,G8C
G,8,D,1.407483027,0.086338705,0.000555518,high_activity,G8D
G,8,E,1.483494961,0.179978863,0.000241244,high_activity,G8E
G,8,F,0.691297785,0.018692111,0.002408773,low_activity,G8F
G,8,H,1.007865853,0.111798297,0.912886062,non-significant,G8H
G,8,I,0.734590117,0.137442827,0.043314598,low_activity,G8I
G,8,K,1.149493098,0.308084857,0.216165369,non-significant,G8K
G,8,L,0.792890549,0.178699782,0.100271906,non-significant,G8L
G,8,M,0.826454888,0.184133548,0.23942933,non-significant,G8M
G,8,N,1.204456121,0.230562214,0.260235271,non-significant,G8N
G,8,P,1.147847777,0.326461422,0.184403492,non-significant,G8P
G,8,Q,1.166569492,0.180084611,0.254828465,non-significant,G8Q
G,8,R,0.993585742,0.164440738,0.51524959,non-significant,G8R
G,8,S,0.867194663,0.094778062,0.542995112,non-significant,G8S
G,8,T,1.108258542,0.211937359,0.284352013,non-significant,G8T
G,8,V,0.860726687,0.187296349,0.047976587,low_activity,G8V
G,8,W,0.875987398,0.308544076,0.086394704,non-significant,G8W
G,8,Y,0.63296954,0.200882686,0.009381819,low_activity,G8Y
P,9,A,1.196556025,0.464225623,0.523281423,non-significant,P9A
P,9,C,0.915267455,0.304757807,0.523695519,non-significant,P9C
P,9,D,1.627376618,0.441252293,1.42946e-05,high_activity,P9D
P,9,E,1.172267282,0.06432773,0.112207972,non-significant,P9E
P,9,F,0.859202097,0.113259576,0.242813838,non-significant,P9F
P,9,G,0.958858526,0.208289784,0.538886799,non-significant,P9G
P,9,H,0.965805131,0.138041462,0.801885103,non-significant,P9H
P,9,I,0.614043663,0.121492984,0.004942355,low_activity,P9I
P,9,K,0.866094201,0.07823566,0.349721475,non-significant,P9K
P,9,L,0.787190313,0.145618909,0.042968149,low_activity,P9L
P,9,M,0.957724137,0.331277846,0.631439788,non-significant,P9M
P,9,N,1.577145438,0.595866411,0.027887289,high_activity,P9N
P,9,Q,1.084731124,0.23386572,0.691214766,non-significant,P9Q
P,9,R,0.737616225,0.24039757,0.013345946,low_activity,P9R
P,9,S,1.149477647,0.282225115,0.778709105,non-significant,P9S
P,9,T,0.922361454,0.155107534,0.616139751,non-significant,P9T
P,9,V,0.844345347,0.228838159,0.335033691,non-significant,P9V
P,9,W,0.600165456,0.031497208,7.51e-06,low_activity,P9W
H,10,A,1.032477675,0.070235474,0.533281233,non-significant,H10A
H,10,C,0.807556497,0.163476868,0.044372192,low_activity,H10C
H,10,D,1.427669681,0.352803855,0.003960487,high_activity,H10D
H,10,E,1.47109276,0.129839064,1.55721e-05,high_activity,H10E
H,10,F,0.778108121,0.304651637,0.003639966,low_activity,H10F
H,10,G,1.267526274,0.619837759,0.013879971,high_activity,H10G
H,10,I,0.630396849,0.151339826,0.000416784,low_activity,H10I
H,10,K,1.047395744,0.162054402,0.365687234,non-significant,H10K
H,10,L,0.579118359,0.093246481,0.000342449,low_activity,H10L
H,10,M,0.842455478,0.225214247,0.297477063,non-significant,H10M
H,10,N,1.484917319,0.06908951,2.69303e-05,high_activity,H10N
H,10,P,0.983319475,0.218144103,0.689002483,non-significant,H10P
H,10,Q,1.053514838,0.28142532,0.574571888,non-significant,H10Q
H,10,R,0.911787441,0.060265009,0.695599548,non-significant,H10R
H,10,S,1.025177247,0.25125124,0.904176864,non-significant,H10S
H,10,V,0.553145174,0.156844011,0.000177966,low_activity,H10V
H,10,W,0.561232823,0.154286106,0.00020625,low_activity,H10W
H,10,Y,0.83043686,0.100907454,0.187689683,non-significant,H10Y
Y,11,A,1.149129458,0.246367482,0.266120855,non-significant,Y11A
Y,11,C,1.391218233,0.3311682,0.000934403,high_activity,Y11C
Y,11,D,1.565390812,0.140558162,7.44e-08,high_activity,Y11D
Y,11,E,1.465624072,0.396487598,0.001464852,high_activity,Y11E
Y,11,F,0.668410854,0.233766459,0.008241566,low_activity,Y11F
Y,11,G,1.409989431,0.206737031,0.003025503,high_activity,Y11G
Y,11,H,1.518761448,0.206074153,2.91e-07,high_activity,Y11H
Y,11,I,0.920169873,0.112338563,0.316040073,non-significant,Y11I
Y,11,K,1.234466947,0.142084991,0.065426575,non-significant,Y11K
Y,11,L,0.996771523,0.100124403,0.784022308,non-significant,Y11L
Y,11,M,1.112869209,0.158261565,0.442975937,non-significant,Y11M
Y,11,N,1.372842305,0.125340042,0.001450956,high_activity,Y11N
Y,11,P,1.281549711,0.279068171,0.008961456,high_activity,Y11P
Y,11,Q,1.465110169,0.106718683,1.22452e-05,high_activity,Y11Q
Y,11,R,1.114641638,0.194022039,0.242189224,non-significant,Y11R
Y,11,S,1.602396977,0.162613461,8.93e-09,high_activity,Y11S
Y,11,T,1.346843924,0.241338453,0.03681027,high_activity,Y11T
Y,11,V,1.111894068,0.195327424,0.233482572,non-significant,Y11V
Y,11,W,0.765769518,0.256257199,0.012443524,low_activity,Y11W
S,12,A,0.866942004,0.19869785,0.321921959,non-significant,S12A
S,12,C,0.644329246,0.343824398,0.003603752,low_activity,S12C
S,12,D,1.403907197,0.140577135,0.000108556,high_activity,S12D
S,12,E,0.983791188,0.313200311,0.945608753,non-significant,S12E
S,12,F,0.731610914,0.22639819,0.060054168,non-significant,S12F
S,12,G,1.073387827,0.191533863,0.825501299,non-significant,S12G
S,12,H,0.998628597,0.061682744,0.936978516,non-significant,S12H
S,12,I,0.640827852,0.129341448,0.000163801,low_activity,S12I
S,12,K,0.968317807,0.131225307,0.806521108,non-significant,S12K
S,12,L,0.527475386,0.099595743,1.19241e-05,low_activity,S12L
S,12,M,0.68699538,0.095601041,0.000559585,low_activity,S12M
S,12,N,1.179621914,0.175214441,0.031584757,high_activity,S12N
S,12,P,1.085126689,0.135584093,0.518578671,non-significant,S12P
S,12,Q,0.852472377,0.140441211,0.640807569,non-significant,S12Q
S,12,R,0.802536139,0.080900657,0.080758855,non-significant,S12R
S,12,T,0.598800738,0.354446455,0.003231497,low_activity,S12T
S,12,V,0.700357684,0.266442481,0.030610827,low_activity,S12V
S,12,W,0.700816078,0.321780711,0.01420006,low_activity,S12W
S,12,Y,0.568179463,0.159429466,0.00310971,low_activity,S12Y
V,13,A,1.300850335,0.142209697,0.232872679,non-significant,V13A
V,13,C,1.356997596,0.210123353,0.010136235,high_activity,V13C
V,13,D,1.699106831,0.09379128,4.87e-15,high_activity,V13D
V,13,E,1.615416547,0.264432021,3.19e-09,high_activity,V13E
V,13,F,0.901610991,0.146787442,0.693011752,non-significant,V13F
V,13,G,1.288212135,0.136370518,0.000651743,high_activity,V13G
V,13,H,1.190684888,0.235194111,0.230136109,non-significant,V13H
V,13,I,0.864939736,0.232948899,0.58448201,non-significant,V13I
V,13,K,1.303198106,0.109844778,0.006099919,high_activity,V13K
V,13,L,0.919842304,0.368723043,0.629635209,non-significant,V13L
V,13,M,0.934481895,0.087432069,0.928542903,non-significant,V13M
V,13,N,1.43543514,0.326956761,3.71e-06,high_activity,V13N
V,13,P,1.389796636,0.404578163,0.071798279,non-significant,V13P
V,13,Q,1.527743762,0.257606454,0.000545341,high_activity,V13Q
V,13,R,0.927714684,0.187286536,0.948937389,non-significant,V13R
V,13,S,1.017396998,0.630336494,0.792992393,non-significant,V13S
V,13,T,1.220890061,0.133670071,0.221983295,non-significant,V13T
V,13,W,0.77119736,0.089528232,0.05071839,non-significant,V13W
V,13,Y,1.126852596,0.139616318,0.207358747,non-significant,V13Y
N,14,A,0.735128495,0.202863164,0.0039952,low_activity,N14A
N,14,C,0.569513781,0.165805707,0.000120503,low_activity,N14C
N,14,D,1.290728549,0.137153386,0.023139482,high_activity,N14D
N,14,E,1.153379031,0.216314337,0.736634822,non-significant,N14E
N,14,F,0.643615218,0.052930041,7.72494e-05,low_activity,N14F
N,14,G,1.036904478,0.570326658,0.950699136,non-significant,N14G
N,14,H,0.676720458,0.116176521,0.0041411,low_activity,N14H
N,14,I,0.743437,0.259150413,0.017570111,low_activity,N14I
N,14,K,0.580903266,0.197562782,0.00111341,low_activity,N14K
N,14,L,0.531608392,0.060157215,1.47601e-05,low_activity,N14L
N,14,M,0.66204306,0.130904031,0.001216537,low_activity,N14M
N,14,P,0.886882542,0.126889922,0.035474977,low_activity,N14P
N,14,Q,0.756753416,0.092053057,0.000375649,low_activity,N14Q
N,14,R,0.651845284,0.120128804,0.016701448,low_activity,N14R
N,14,S,0.899709092,0.041976451,0.190895862,non-significant,N14S
N,14,T,0.557094882,0.186808307,3.01e-08,low_activity,N14T
N,14,V,0.595187373,0.22678312,0.000897408,low_activity,N14V
N,14,W,0.526965835,0.249095983,0.000256303,low_activity,N14W
N,14,Y,0.615691757,0.189664432,0.001123386,low_activity,N14Y
A,15,C,0.721357568,0.12048888,0.005322731,low_activity,A15C
A,15,D,1.514524736,0.080935775,1.01e-07,high_activity,A15D
A,15,E,1.543970098,0.22990261,5.89e-06,high_activity,A15E
A,15,F,0.802668905,0.269648312,0.005585857,low_activity,A15F
A,15,G,0.908076774,0.128226326,0.665139289,non-significant,A15G
A,15,H,0.880214686,0.140277458,0.648341571,non-significant,A15H
A,15,I,0.64803733,0.116229888,0.000109151,low_activity,A15I
A,15,K,1.129870123,0.119823749,0.313423495,non-significant,A15K
A,15,L,0.702722643,0.42701804,0.011090443,low_activity,A15L
A,15,M,0.576948931,0.176386792,9.65e-06,low_activity,A15M
A,15,N,1.256842757,0.412770433,0.153050911,non-significant,A15N
A,15,P,1.074425349,0.362154846,0.493041097,non-significant,A15P
A,15,Q,1.357041045,0.130825085,0.00285645,high_activity,A15Q
A,15,R,0.909055441,0.172484498,0.628695012,non-significant,A15R
A,15,S,1.062538021,0.355357297,0.407388681,non-significant,A15S
A,15,T,0.97941777,0.176325801,0.840169589,non-significant,A15T
A,15,V,0.673479715,0.1526383,0.005520969,low_activity,A15V
A,15,W,0.54848835,0.111779904,0.000285423,low_activity,A15W
A,15,Y,0.684544923,0.082198441,0.007648526,low_activity,A15Y
L,16,A,1.408197096,0.09293373,0.000428984,high_activity,L16A
L,16,C,1.536752219,0.106137751,8.04e-06,high_activity,L16C
L,16,D,1.668533731,0.13741256,1.47e-07,high_activity,L16D
L,16,E,1.488412216,0.339669912,0.001426767,high_activity,L16E
L,16,F,0.83296322,0.163358905,0.02783772,low_activity,L16F
L,16,G,1.35098955,0.213414899,0.000780812,high_activity,L16G
L,16,H,1.216231845,0.209510796,0.228816242,non-significant,L16H
L,16,I,0.743711799,0.210247118,0.031623308,low_activity,L16I
L,16,K,1.421538221,0.049110416,0.000378731,high_activity,L16K
L,16,M,1.071313984,0.041560145,0.224609505,non-significant,L16M
L,16,N,1.551577191,0.08861578,2.37e-07,high_activity,L16N
L,16,P,1.416309181,0.09647198,5.25e-06,high_activity,L16P
L,16,Q,1.577244048,0.070901974,1.03e-06,high_activity,L16Q
L,16,R,1.209964034,0.303295259,0.263678311,non-significant,L16R
L,16,S,1.278544627,0.126880742,0.072470331,non-significant,L16S
L,16,T,1.523819484,0.047076295,7.71391e-05,high_activity,L16T
L,16,V,0.896129744,0.260066707,0.883241444,non-significant,L16V
L,16,W,0.877591995,0.251543802,0.069106561,non-significant,L16W
L,16,Y,0.952075234,0.09508858,0.763256126,non-significant,L16Y
A,17,C,0.894606617,0.124001503,0.510778674,non-significant,A17C
A,17,D,1.70634621,0.445707687,3.14117e-05,high_activity,A17D
A,17,E,1.438591687,0.258661317,2.61e-07,high_activity,A17E
A,17,F,0.718341546,0.07024001,0.000563229,low_activity,A17F
A,17,G,1.410595682,0.266882902,0.015605615,high_activity,A17G
A,17,I,0.616055006,0.111896436,0.006186129,low_activity,A17I
A,17,K,0.996633844,0.179207172,0.909467793,non-significant,A17K
A,17,L,0.599881672,0.076274357,0.000538397,low_activity,A17L
A,17,M,0.525918553,0.042942594,1.98958e-05,low_activity,A17M
A,17,N,1.350595863,0.143326287,0.000985995,high_activity,A17N
A,17,P,1.244543997,0.341593828,0.042451579,high_activity,A17P
A,17,Q,1.055589647,0.159046838,0.813886256,non-significant,A17Q
A,17,R,0.619599649,0.22003738,0.021846816,low_activity,A17R
A,17,S,1.068035309,0.158701795,0.583428347,non-significant,A17S
A,17,T,0.953303626,0.264166912,0.726867833,non-significant,A17T
A,17,V,0.627133625,0.119176264,0.000124356,low_activity,A17V
A,17,W,0.702967584,0.206136488,0.006879776,low_activity,A17W
A,17,Y,0.629445185,0.149063838,0.000123743,low_activity,A17Y
L,18,A,1.443960115,0.356599732,0.007346394,high_activity,L18A
L,18,C,1.312520141,0.277086171,0.210576394,non-significant,L18C
L,18,D,1.694283157,0.271044749,1.13e-06,high_activity,L18D
L,18,E,1.527518506,0.208705588,8.10496e-05,high_activity,L18E
L,18,F,0.728080908,0.142401321,0.141522093,non-significant,L18F
L,18,G,1.512316088,0.184493324,1.95e-08,high_activity,L18G
L,18,H,1.501314988,0.46651292,0.013681573,high_activity,L18H
L,18,I,0.969953747,0.310397367,0.959599113,non-significant,L18I
L,18,K,1.405122788,0.066764137,3.931e-05,high_activity,L18K
L,18,M,1.254264206,0.116561592,0.211691716,non-significant,L18M
L,18,N,1.493799536,0.18452546,0.010561266,high_activity,L18N
L,18,P,1.469209943,0.188340755,0.001789187,high_activity,L18P
L,18,Q,1.744001633,0.131696515,4.14e-06,high_activity,L18Q
L,18,R,1.314561267,0.262693144,0.032582829,high_activity,L18R
L,18,S,1.296024015,0.384122689,0.319609282,non-significant,L18S
L,18,T,1.259652899,0.210430425,0.070405696,non-significant,L18T
L,18,V,1.133076778,0.115301052,0.310520724,non-significant,L18V
L,18,W,0.944193816,0.041987294,0.461887273,non-significant,L18W
L,18,Y,0.968078075,0.109820196,0.954327166,non-significant,L18Y
S,19,A,0.931649965,0.167852904,0.480708027,non-significant,S19A
S,19,C,0.611039855,0.149260154,0.002172564,low_activity,S19C
S,19,D,1.165099132,0.188401387,0.262550812,non-significant,S19D
S,19,E,1.289165968,0.405183871,0.153561598,non-significant,S19E
S,19,F,0.423105346,0.062555676,2.21e-06,low_activity,S19F
S,19,G,1.024020223,0.143914203,0.31014349,non-significant,S19G
S,19,H,1.033700135,0.101643348,0.996307713,non-significant,S19H
S,19,I,0.492389514,0.16593679,2.35614e-05,low_activity,S19I
S,19,K,0.786835197,0.227166714,0.449106701,non-significant,S19K
S,19,L,0.767825177,0.287145011,0.268258911,non-significant,S19L
S,19,N,1.077423163,0.06273145,0.917417025,non-significant,S19N
S,19,P,1.048737441,0.164538328,0.666934248,non-significant,S19P
S,19,Q,1.084219532,0.248149404,0.793090518,non-significant,S19Q
S,19,R,0.761999553,0.259627514,0.066305294,non-significant,S19R
S,19,T,0.976146021,0.144548971,0.963130211,non-significant,S19T
S,19,Y,0.712489617,0.25919536,0.010136235,low_activity,S19Y
G,20,A,0.906975766,0.091927719,0.33103943,non-significant,G20A
G,20,C,0.734600971,0.071395424,0.083144617,non-significant,G20C
G,20,D,1.077351833,0.163859081,0.187261153,non-significant,G20D
G,20,E,1.357684306,0.228267835,0.002803794,high_activity,G20E
G,20,F,0.730591738,0.052221908,0.002697955,low_activity,G20F
G,20,H,0.90628707,0.133623405,0.178011122,non-significant,G20H
G,20,I,0.770698883,0.24324882,0.175107765,non-significant,G20I
G,20,K,0.777315235,0.069986697,0.019865684,low_activity,G20K
G,20,L,0.659268936,0.139903633,0.00179263,low_activity,G20L
G,20,M,0.806938982,0.134117668,0.152071923,non-significant,G20M
G,20,N,0.988555729,0.14185468,0.800775922,non-significant,G20N
G,20,P,1.024605902,0.20109241,0.062757235,non-significant,G20P
G,20,Q,0.938170668,0.346510747,0.642449592,non-significant,G20Q
G,20,R,0.830339967,0.24562978,0.164418229,non-significant,G20R
G,20,S,1.136227582,0.344996813,0.210442003,non-significant,G20S
G,20,T,0.731265258,0.209734613,0.08968661,non-significant,G20T
G,20,V,0.744326277,0.203083641,0.011009862,low_activity,G20V
G,20,W,0.556438532,0.204849208,0.000546724,low_activity,G20W
G,20,Y,0.739593416,0.163278541,0.051997783,non-significant,G20Y
P,21,A,1.009252046,0.376131768,0.8976783,non-significant,P21A
P,21,C,0.842474682,0.156435614,0.500210909,non-significant,P21C
P,21,D,1.197695452,0.118127865,0.012155439,high_activity,P21D
P,21,E,1.332176491,0.117809184,0.009085965,high_activity,P21E
P,21,G,0.96283942,0.08527445,0.950699136,non-significant,P21G
P,21,H,0.759789859,0.167035801,0.042155337,low_activity,P21H
P,21,I,0.658549538,0.154277225,0.001831604,low_activity,P21I
P,21,K,0.952889155,0.095756605,0.74108887,non-significant,P21K
P,21,L,0.71142304,0.195668646,0.089048767,non-significant,P21L
P,21,M,0.663620815,0.174421361,0.015548451,low_activity,P21M
P,21,N,1.039851779,0.16315561,0.250104049,non-significant,P21N
P,21,Q,1.156665759,0.213212908,0.316134254,non-significant,P21Q
P,21,R,0.961882688,0.120749643,0.500735756,non-significant,P21R
P,21,S,1.02745972,0.124423952,0.617091544,non-significant,P21S
P,21,T,0.836582105,0.131912943,0.116970599,non-significant,P21T
P,21,V,0.694315723,0.142158498,0.000907746,low_activity,P21V
P,21,W,0.67500893,0.029500303,0.017640828,low_activity,P21W
P,21,Y,0.802646548,0.244051257,0.03744881,low_activity,P21Y
S,22,A,1.00975848,0.241283651,0.655630439,non-significant,S22A
S,22,C,0.937116587,0.124000975,0.777735765,non-significant,S22C
S,22,D,1.170319874,0.167649605,0.299729588,non-significant,S22D
S,22,E,1.602658955,0.782663054,0.071235093,non-significant,S22E
S,22,F,0.621371934,0.179577127,0.000456732,low_activity,S22F
S,22,G,0.956724902,0.126756809,0.532737833,non-significant,S22G
S,22,H,0.746763149,0.053886795,0.203273472,non-significant,S22H
S,22,I,0.58721051,0.163095364,4.42993e-05,low_activity,S22I
S,22,K,0.905256716,0.156951687,0.485305412,non-significant,S22K
S,22,M,0.860933261,0.047301292,0.155018509,non-significant,S22M
S,22,N,1.096189828,0.226656445,0.873671282,non-significant,S22N
S,22,P,0.865500509,0.142596791,0.235904329,non-significant,S22P
S,22,Q,0.805500541,0.143821389,0.304821162,non-significant,S22Q
S,22,R,0.892037053,0.105738252,0.128373847,non-significant,S22R
S,22,T,1.033107298,0.079333476,0.343237657,non-significant,S22T
S,22,V,0.818074319,0.286848404,0.043846421,low_activity,S22V
S,22,W,0.486547393,0.199976313,5.7e-07,low_activity,S22W
S,22,Y,0.61828953,0.174492798,0.00317772,low_activity,S22Y
V,23,A,1.219665744,0.218615974,0.272003543,non-significant,V23A
V,23,C,1.142399518,0.337522365,0.450237048,non-significant,V23C
V,23,D,1.291521236,0.164609541,0.00225912,high_activity,V23D
V,23,E,1.241900081,0.100504828,0.038875068,high_activity,V23E
V,23,G,1.135148829,0.212393521,0.599012739,non-significant,V23G
V,23,H,1.068171676,0.220539333,0.525478058,non-significant,V23H
V,23,I,0.683964402,0.116828234,0.028313378,low_activity,V23I
V,23,K,1.047131109,0.217626633,0.261929741,non-significant,V23K
V,23,L,0.998241819,0.138055903,0.829415842,non-significant,V23L
V,23,M,0.960552342,0.099699475,0.871960827,non-significant,V23M
V,23,N,1.216571357,0.400174098,0.182665074,non-significant,V23N
V,23,P,1.149181345,0.114875106,0.304595941,non-significant,V23P
V,23,Q,1.289381267,0.194767109,9.54049e-05,high_activity,V23Q
V,23,R,0.823486766,0.206183651,0.289644559,non-significant,V23R
V,23,S,1.097593976,0.174935297,0.300650544,non-significant,V23S
V,23,T,1.197537641,0.120532907,0.268676967,non-significant,V23T
V,23,W,0.891851467,0.118056081,0.38646524,non-significant,V23W
V,23,Y,0.816655214,0.079381641,0.186938551,non-significant,V23Y
D,24,A,0.535259978,0.255214789,0.000151779,low_activity,D24A
D,24,C,0.496620388,0.084945564,3.3e-06,low_activity,D24C
D,24,E,0.809971765,0.113165934,0.157858048,non-significant,D24E
D,24,F,0.615665776,0.180260917,1.28113e-05,low_activity,D24F
D,24,G,0.766228018,0.173055371,0.149004782,non-significant,D24G
D,24,H,0.616235041,0.238925968,2.64e-06,low_activity,D24H
D,24,I,0.662001846,0.191466689,0.00017634,low_activity,D24I
D,24,K,0.612532282,0.182577225,3.66985e-05,low_activity,D24K
D,24,L,0.605542853,0.091111633,2.06141e-05,low_activity,D24L
D,24,M,0.713771624,0.12487892,0.007792668,low_activity,D24M
D,24,N,0.942567395,0.096212623,0.493431998,non-significant,D24N
D,24,P,0.383671952,0.168571727,0.000220246,low_activity,D24P
D,24,Q,0.556223403,0.224834659,0.01146674,low_activity,D24Q
D,24,R,0.690095287,0.210270945,0.017640828,low_activity,D24R
D,24,S,0.897931725,0.279696218,0.252387876,non-significant,D24S
D,24,T,0.692855597,0.163541108,0.000455842,low_activity,D24T
D,24,V,0.698636734,0.184621996,0.077218674,non-significant,D24V
D,24,Y,0.691152472,0.212284959,0.018272935,low_activity,D24Y
L,25,A,1.273568854,0.136447529,0.046550808,high_activity,L25A
L,25,C,1.313234258,0.198937112,0.002261125,high_activity,L25C
L,25,D,1.288934843,0.242285861,0.050912916,non-significant,L25D
L,25,E,1.280334564,0.305256977,0.02153761,high_activity,L25E
L,25,F,0.966594723,0.215029608,0.837482279,non-significant,L25F
L,25,G,1.416207845,0.066371809,0.02758171,high_activity,L25G
L,25,H,1.17638315,0.162986185,0.055612512,non-significant,L25H
L,25,I,0.984406289,0.100761708,0.81353702,non-significant,L25I
L,25,K,1.041790352,0.162008036,0.458814937,non-significant,L25K
L,25,M,1.246589125,0.171245197,0.030389835,high_activity,L25M
L,25,N,1.142996708,0.180493347,0.059890796,non-significant,L25N
L,25,Q,1.236280453,0.188950487,0.029874068,high_activity,L25Q
L,25,R,1.037925726,0.124934478,0.824008489,non-significant,L25R
L,25,S,1.263772873,0.107033476,0.111703592,non-significant,L25S
L,25,T,1.331056253,0.136367321,0.007003541,high_activity,L25T
L,25,V,1.008640556,0.205641505,0.862552914,non-significant,L25V
L,25,W,0.806604485,0.069941521,0.115838107,non-significant,L25W
L,25,Y,1.076325865,0.111020784,0.870419077,non-significant,L25Y
M,26,A,1.057660374,0.210306889,0.569931822,non-significant,M26A
M,26,C,0.989593893,0.119946863,0.389597775,non-significant,M26C
M,26,D,1.247986421,0.135681984,0.018451792,high_activity,M26D
M,26,E,1.35377105,0.211863408,0.000159089,high_activity,M26E
M,26,F,0.774171048,0.31750844,0.266120855,non-significant,M26F
M,26,G,0.994337735,0.401648207,0.892193483,non-significant,M26G
M,26,H,1.093627949,0.108883843,0.556629977,non-significant,M26H
M,26,I,0.762594201,0.111004569,0.027210103,low_activity,M26I
M,26,K,1.067175324,0.260826622,0.354209896,non-significant,M26K
M,26,L,0.897176757,0.232797214,0.523083002,non-significant,M26L
M,26,N,1.289454866,0.272938222,0.09673382,non-significant,M26N
M,26,P,1.036961241,0.206686205,0.260915995,non-significant,M26P
M,26,Q,1.261802646,0.169070428,0.008471628,high_activity,M26Q
M,26,R,0.967080569,0.184903345,0.422435942,non-significant,M26R
M,26,S,1.103252305,0.209035857,0.502973523,non-significant,M26S
M,26,T,0.924648175,0.104601524,0.63510904,non-significant,M26T
M,26,V,0.910164019,0.22035698,0.717538054,non-significant,M26V
M,26,W,0.713114757,0.211108463,0.027891256,low_activity,M26W
M,26,Y,0.73443181,0.264284735,0.035847184,low_activity,M26Y
H,27,A,1.047165384,0.099485404,0.784022308,non-significant,H27A
H,27,C,0.699151208,0.433992957,0.021368353,low_activity,H27C
H,27,D,1.077463945,0.346388416,0.83427519,non-significant,H27D
H,27,E,1.14601655,0.324790122,0.094410466,non-significant,H27E
H,27,F,0.514049862,0.115699239,0.000873448,low_activity,H27F
H,27,G,0.921464018,0.104856025,0.367008346,non-significant,H27G
H,27,I,0.695257283,0.12417361,0.118744829,non-significant,H27I
H,27,K,0.950199898,0.187453341,0.901041384,non-significant,H27K
H,27,L,0.613171094,0.202987704,0.000464897,low_activity,H27L
H,27,M,0.616490366,0.124789945,0.000862184,low_activity,H27M
H,27,N,1.072082063,0.416250938,0.738405849,non-significant,H27N
H,27,P,1.203495732,0.27169413,0.096859713,non-significant,H27P
H,27,Q,1.180919368,0.126030471,0.183196253,non-significant,H27Q
H,27,R,0.864035872,0.380409004,0.074526276,non-significant,H27R
H,27,S,1.074242676,0.229607687,0.831958483,non-significant,H27S
H,27,T,0.981227561,0.250865311,0.976234791,non-significant,H27T
H,27,V,0.575620598,0.215394158,0.016367542,low_activity,H27V
H,27,W,0.602306578,0.082035894,1.27975e-05,low_activity,H27W
H,27,Y,0.668419204,0.290914967,0.012510028,low_activity,H27Y
Q,28,A,0.812023891,0.195286641,0.202042012,non-significant,Q28A
Q,28,C,0.865110005,0.139937619,0.088823746,non-significant,Q28C
Q,28,D,1.054586319,0.062390028,0.269350887,non-significant,Q28D
Q,28,E,1.037046687,0.172117573,0.9170761,non-significant,Q28E
Q,28,F,0.581774356,0.344215789,0.104647324,non-significant,Q28F
Q,28,G,0.8990279,0.211888244,0.67006127,non-significant,Q28G
Q,28,H,0.676474171,0.349204113,0.038230874,low_activity,Q28H
Q,28,I,0.610895009,0.164198335,0.006461502,low_activity,Q28I
Q,28,K,0.765511188,0.136642245,0.068342337,non-significant,Q28K
Q,28,L,0.562729004,0.050497765,2.84173e-05,low_activity,Q28L
Q,28,M,0.619203132,0.142080183,0.008730535,low_activity,Q28M
Q,28,N,1.111776012,0.224305376,0.370502432,non-significant,Q28N
Q,28,P,0.987927887,0.280871659,0.465938184,non-significant,Q28P
Q,28,R,0.681006449,0.127325384,0.032951699,low_activity,Q28R
Q,28,S,1.013232753,0.166012813,0.54862387,non-significant,Q28S
Q,28,T,1.111065258,0.375327616,0.923560854,non-significant,Q28T
Q,28,V,0.711282457,0.111071003,0.019950767,low_activity,Q28V
Q,28,Y,0.780678199,0.099016358,0.001389242,low_activity,Q28Y
A,29,C,0.844942661,0.182649908,0.235628452,non-significant,A29C
A,29,D,1.211583117,0.134300484,0.1480715,non-significant,A29D
A,29,E,1.234589464,0.500926505,0.629635209,non-significant,A29E
A,29,F,0.792610968,0.076083142,0.196105487,non-significant,A29F
A,29,G,0.955120061,0.085410394,0.629635209,non-significant,A29G
A,29,H,0.977131398,0.232185743,0.877546179,non-significant,A29H
A,29,I,0.526663012,0.100876854,0.000485954,low_activity,A29I
A,29,K,0.97026325,0.147203923,0.721856287,non-significant,A29K
A,29,L,0.616373903,0.056003387,0.000313745,low_activity,A29L
A,29,M,0.760502833,0.310485883,0.071610203,non-significant,A29M
A,29,N,0.999132176,0.220070556,0.716741056,non-significant,A29N
A,29,P,0.932651086,0.181814015,0.427584626,non-significant,A29P
A,29,Q,1.133289129,0.404930666,0.89459494,non-significant,A29Q
A,29,R,0.995550953,0.086686488,0.660651979,non-significant,A29R
A,29,S,0.937679802,0.352492378,0.975334993,non-significant,A29S
A,29,T,1.063712693,0.103703479,0.594370634,non-significant,A29T
A,29,V,0.712409327,0.106947105,0.115838107,non-significant,A29V
A,29,W,0.838917571,0.208212651,0.040200787,low_activity,A29W
A,29,Y,0.920902085,0.08471703,0.810367703,non-significant,A29Y
V,30,A,1.092164236,0.165299772,0.070534862,non-significant,V30A
V,30,C,1.0092656,0.339795518,0.976194352,non-significant,V30C
V,30,D,1.204218828,0.29404027,0.035897959,high_activity,V30D
V,30,E,0.956983702,0.171228708,0.840169589,non-significant,V30E
V,30,F,0.86203141,0.074648252,0.370032947,non-significant,V30F
V,30,G,1.128809085,0.289506654,0.275511664,non-significant,V30G
V,30,H,1.063217229,0.22410707,0.630864691,non-significant,V30H
V,30,I,0.886326177,0.198184119,0.510124223,non-significant,V30I
V,30,K,1.086991683,0.219385361,0.28359223,non-significant,V30K
V,30,L,0.927829922,0.162933005,0.275713529,non-significant,V30L
V,30,M,1.14946773,0.153387567,0.491651102,non-significant,V30M
V,30,N,0.939270759,0.176036035,0.961610771,non-significant,V30N
V,30,P,1.095162231,0.111654661,0.247329964,non-significant,V30P
V,30,Q,1.23358356,0.082532417,0.102479266,non-significant,V30Q
V,30,R,0.874096549,0.170909732,0.753421831,non-significant,V30R
V,30,S,1.175627014,0.28123242,0.062272803,non-significant,V30S
V,30,T,1.179582728,0.03418935,0.046559161,high_activity,V30T
V,30,W,0.774029679,0.084360472,0.016337003,low_activity,V30W
V,30,Y,0.832247522,0.196104859,0.040138038,low_activity,V30Y
P,31,A,0.91220945,0.158333354,0.67006127,non-significant,P31A
P,31,C,0.908923527,0.156614003,0.910301096,non-significant,P31C
P,31,D,0.997487515,0.111450304,0.973500041,non-significant,P31D
P,31,E,1.18981311,0.107672033,0.113812554,non-significant,P31E
P,31,F,0.58730421,0.101372912,0.000198602,low_activity,P31F
P,31,G,1.012471106,0.123026543,0.851794398,non-significant,P31G
P,31,I,0.800073656,0.165791073,0.089048767,non-significant,P31I
P,31,K,1.077178863,0.247708902,0.856820209,non-significant,P31K
P,31,L,0.589147055,0.166543575,0.008019011,low_activity,P31L
P,31,M,0.724110935,0.178616318,0.00062489,low_activity,P31M
P,31,N,0.812255801,0.053486857,0.023184662,low_activity,P31N
P,31,Q,0.892977842,0.132354451,0.496786442,non-significant,P31Q
P,31,R,0.880663521,0.136872836,0.518634217,non-significant,P31R
P,31,S,0.816228557,0.098742297,0.31572321,non-significant,P31S
P,31,T,0.980072969,0.101074797,0.891391061,non-significant,P31T
P,31,V,0.640728871,0.069552887,0.018279085,low_activity,P31V
P,31,W,0.660702277,0.228299326,0.007080849,low_activity,P31W
P,31,Y,0.773865851,0.235554946,0.125217011,non-significant,P31Y
Y,32,A,1.266560095,0.285824267,0.025756449,high_activity,Y32A
Y,32,C,1.031323904,0.15640128,0.540974906,non-significant,Y32C
Y,32,D,1.116453103,0.168955663,0.519251585,non-significant,Y32D
Y,32,E,1.34592814,0.326427501,0.092193595,non-significant,Y32E
Y,32,F,0.797361744,0.173826351,0.677624113,non-significant,Y32F
Y,32,G,0.94379801,0.174920961,0.927443767,non-significant,Y32G
Y,32,H,0.933162777,0.211785955,0.881779957,non-significant,Y32H
Y,32,I,1.104807669,0.349732405,0.73120302,non-significant,Y32I
Y,32,K,1.123996724,0.071347326,0.019877824,high_activity,Y32K
Y,32,L,0.95106759,0.055586203,0.946715722,non-significant,Y32L
Y,32,M,1.055707536,0.310100598,0.9292517,non-significant,Y32M
Y,32,N,1.211598585,0.131844811,0.004765406,high_activity,Y32N
Y,32,P,1.227836534,0.194795693,0.16267494,non-significant,Y32P
Y,32,Q,1.139460969,0.121060175,0.158464348,non-significant,Y32Q
Y,32,R,0.811017381,0.072774502,0.033725011,low_activity,Y32R
Y,32,S,1.257409297,0.279511581,0.178011122,non-significant,Y32S
Y,32,T,1.195487476,0.139114866,0.047670114,high_activity,Y32T
Y,32,V,1.035054752,0.043792741,0.734153701,non-significant,Y32V
Y,32,W,0.926700007,0.256636225,0.72170234,non-significant,Y32W
P,33,A,1.147849179,0.230960709,0.038890385,high_activity,P33A
P,33,C,0.829353358,0.165743049,0.207903107,non-significant,P33C
P,33,D,1.083325163,0.160006257,0.472815006,non-significant,P33D
P,33,E,1.027552468,0.241798843,0.470217641,non-significant,P33E
P,33,F,0.836897956,0.076571347,0.21508578,non-significant,P33F
P,33,G,0.934025526,0.105243126,0.83427519,non-significant,P33G
P,33,H,0.911446001,0.131413553,0.61242582,non-significant,P33H
P,33,I,0.814530508,0.200481027,0.270601277,non-significant,P33I
P,33,K,1.037021377,0.158133357,0.318073723,non-significant,P33K
P,33,L,1.048565283,0.254710794,0.75394085,non-significant,P33L
P,33,M,0.724273406,0.043362276,0.047878861,low_activity,P33M
P,33,N,0.878271676,0.207309147,0.858546957,non-significant,P33N
P,33,Q,1.137430605,0.365538336,0.412796641,non-significant,P33Q
P,33,R,0.863673116,0.221530533,0.121210549,non-significant,P33R
P,33,S,0.918484523,0.135950034,0.726732089,non-significant,P33S
P,33,T,1.061852099,0.240126961,0.756341918,non-significant,P33T
P,33,V,0.80505094,0.098507791,0.021588552,low_activity,P33V
P,33,W,0.747419201,0.189445024,0.221787275,non-significant,P33W
P,33,Y,0.572335288,0.101951364,0.000167429,low_activity,P33Y
S,34,C,0.987620416,0.251670155,0.666233452,non-significant,S34C
S,34,D,1.089052819,0.143752462,0.445156038,non-significant,S34D
S,34,E,1.121911309,0.174285404,0.54006267,non-significant,S34E
S,34,F,0.848020182,0.266305309,0.141451975,non-significant,S34F
S,34,G,0.966224459,0.065471107,0.904176864,non-significant,S34G
S,34,I,0.869016274,0.164848453,0.219703722,non-significant,S34I
S,34,K,0.964066471,0.156204639,0.945865753,non-significant,S34K
S,34,L,0.877858812,0.138854719,0.472531216,non-significant,S34L
S,34,M,0.815529093,0.050830259,0.012026583,low_activity,S34M
S,34,N,1.008121029,0.123770466,0.611182404,non-significant,S34N
S,34,Q,1.063676031,0.085116549,0.081356161,non-significant,S34Q
S,34,R,0.874441818,0.075181214,0.389597775,non-significant,S34R
S,34,V,0.997537529,0.088739271,0.47235615,non-significant,S34V
S,34,W,0.773233087,0.071801708,0.00816827,low_activity,S34W
S,34,Y,0.833825725,0.289146401,0.157430621,non-significant,S34Y
A,35,D,0.944685212,0.140754767,0.87628206,non-significant,A35D
A,35,E,0.95516357,0.238786195,0.954630729,non-significant,A35E
A,35,F,0.847429286,0.098185907,0.058139262,non-significant,A35F
A,35,G,1.105764623,0.255227493,0.831573382,non-significant,A35G
A,35,H,0.947220591,0.229892014,0.778343879,non-significant,A35H
A,35,I,0.895772374,0.078458906,0.326622421,non-significant,A35I
A,35,K,0.912202863,0.250146613,0.440110345,non-significant,A35K
A,35,L,0.798682276,0.13560782,0.074090325,non-significant,A35L
A,35,M,0.845030695,0.15527976,0.086351756,non-significant,A35M
A,35,N,0.977460677,0.309524786,0.659368588,non-significant,A35N
A,35,P,1.042625317,0.132029556,0.607732331,non-significant,A35P
A,35,Q,0.980338859,0.238532406,0.952305702,non-significant,A35Q
A,35,R,0.95907554,0.161803779,0.835477626,non-significant,A35R
A,35,S,0.937902769,0.127566998,0.614590903,non-significant,A35S
A,35,T,1.121468228,0.170166093,0.264441262,non-significant,A35T
A,35,V,1.078509622,0.207890907,0.655630439,non-significant,A35V
A,35,W,0.998795336,0.271499163,0.799956276,non-significant,A35W
A,35,Y,0.840382498,0.088484793,0.081273278,non-significant,A35Y
P,36,D,0.923625199,0.240511206,0.874138717,non-significant,P36D
P,36,E,1.130494056,0.115129282,0.051844228,non-significant,P36E
P,36,G,0.793212275,0.300780365,0.499605469,non-significant,P36G
P,36,H,0.861293526,0.059841994,0.664631311,non-significant,P36H
P,36,I,0.920524122,0.06563562,0.349776758,non-significant,P36I
P,36,K,0.827911041,0.121604964,0.412420843,non-significant,P36K
P,36,L,0.914386139,0.092109692,0.321517291,non-significant,P36L
P,36,M,0.754636957,0.167548281,0.186703049,non-significant,P36M
P,36,N,0.920797817,0.076989827,0.242732952,non-significant,P36N
P,36,Q,1.032588056,0.012739761,0.677054426,non-significant,P36Q
P,36,R,0.814713425,0.129400476,0.004293594,low_activity,P36R
P,36,S,0.949368919,0.168796312,0.707900565,non-significant,P36S
P,36,T,0.947532957,0.229135703,0.822298021,non-significant,P36T
P,36,V,1.108105155,0.170098067,0.539404373,non-significant,P36V
P,36,W,0.643510955,0.249249384,0.003450852,low_activity,P36W
P,36,Y,0.865277963,0.1516232,0.312376768,non-significant,P36Y
R,37,A,0.86574389,0.370977427,0.9820695,non-significant,R37A
R,37,C,1.059383784,0.330900596,0.77130505,non-significant,R37C
R,37,D,0.712657946,0.185909441,0.012914711,low_activity,R37D
R,37,E,1.000986947,0.203810943,0.663777433,non-significant,R37E
R,37,F,0.897858611,0.237391698,0.441137249,non-significant,R37F
R,37,G,1.148195618,0.13993303,0.472407203,non-significant,R37G
R,37,H,0.886990937,0.296409806,0.359040629,non-significant,R37H
R,37,I,0.964466882,0.283134253,0.67049437,non-significant,R37I
R,37,K,0.936435785,0.140094795,0.870959177,non-significant,R37K
R,37,L,1.069258171,0.352297732,0.74927743,non-significant,R37L
R,37,M,0.979539656,0.263028527,0.765746277,non-significant,R37M
R,37,N,0.908848564,0.158702971,0.438026478,non-significant,R37N
R,37,P,0.946712607,0.090157688,0.97838627,non-significant,R37P
R,37,Q,1.049681063,0.117733535,0.953561081,non-significant,R37Q
R,37,S,1.105712767,0.164182463,0.14127142,non-significant,R37S
R,37,V,0.812360224,0.18132198,0.085304181,non-significant,R37V
R,37,W,0.682257815,0.186917168,0.002448271,low_activity,R37W
R,37,Y,0.885530067,0.156060819,0.416946964,non-significant,R37Y
K,38,A,0.733924587,0.16601825,0.01286447,low_activity,K38A
K,38,C,0.758327713,0.109128451,0.011991314,low_activity,K38C
K,38,D,0.572243856,0.142751839,0.001743392,low_activity,K38D
K,38,E,0.735727837,0.091008274,0.002710486,low_activity,K38E
K,38,F,0.62737929,0.074006059,0.00012127,low_activity,K38F
K,38,G,0.762506461,0.35753792,0.098662485,non-significant,K38G
K,38,H,1.013161468,0.118769413,0.83427519,non-significant,K38H
K,38,I,0.850917023,0.118040445,0.177626406,non-significant,K38I
K,38,L,0.764223342,0.175794711,0.348764578,non-significant,K38L
K,38,M,1.041411539,0.415652436,0.984576581,non-significant,K38M
K,38,N,1.036517474,0.094394916,0.537896187,non-significant,K38N
K,38,Q,0.496567818,0.270090667,0.018628043,low_activity,K38Q
K,38,R,0.888500602,0.250526633,0.468078713,non-significant,K38R
K,38,T,0.879681233,0.105658172,0.303563358,non-significant,K38T
K,38,V,0.771195304,0.144402602,0.048512455,low_activity,K38V
K,38,Y,0.683331293,0.162521003,0.007224852,low_activity,K38Y
Q,39,A,0.834974636,0.114114703,0.086059115,non-significant,Q39A
Q,39,C,0.90431037,0.13028552,0.678055331,non-significant,Q39C
Q,39,D,0.865699786,0.079845813,0.354079831,non-significant,Q39D
Q,39,E,0.926248277,0.078621079,0.50372813,non-significant,Q39E
Q,39,F,0.695682925,0.154426611,0.014512434,low_activity,Q39F
Q,39,G,0.940053817,0.206234065,0.431803072,non-significant,Q39G
Q,39,H,1.007311645,0.192531104,0.85650017,non-significant,Q39H
Q,39,I,0.803646799,0.262987299,0.197911992,non-significant,Q39I
Q,39,K,0.758376567,0.187908333,0.051475792,non-significant,Q39K
Q,39,L,0.826830555,0.206438494,0.109658663,non-significant,Q39L
Q,39,M,0.807614851,0.20163273,0.154986309,non-significant,Q39M
Q,39,N,0.955015153,0.213219187,0.516699104,non-significant,Q39N
Q,39,R,0.890373104,0.084204148,0.538137087,non-significant,Q39R
Q,39,S,1.051621388,0.097898741,0.087411957,non-significant,Q39S
Q,39,T,0.888163297,0.223643013,0.608194835,non-significant,Q39T
Q,39,V,0.851396457,0.195277918,0.674150892,non-significant,Q39V
Q,39,W,0.573056767,0.121188231,0.070931827,non-significant,Q39W
Q,39,Y,0.596051099,0.112485241,0.001605097,low_activity,Q39Y
R,40,A,0.646591254,0.082775575,2.21869e-05,low_activity,R40A
R,40,D,0.680891673,0.106322535,0.042713044,low_activity,R40D
R,40,E,0.695673203,0.127367252,7.52595e-05,low_activity,R40E
R,40,G,0.673135069,0.046947508,5.25e-06,low_activity,R40G
R,40,H,0.804274939,0.154697826,0.002693717,low_activity,R40H
R,40,I,0.744626502,0.482713127,0.020403528,low_activity,R40I
R,40,K,1.191182686,0.184983909,0.074938879,non-significant,R40K
R,40,L,0.524696361,0.138545275,9.75127e-05,low_activity,R40L
R,40,M,0.661167827,0.203686072,8.53e-07,low_activity,R40M
R,40,N,0.744839998,0.119612007,0.0025763,low_activity,R40N
R,40,P,0.905859985,0.19462479,0.16155681,non-significant,R40P
R,40,Q,0.875285353,0.308977528,0.037780325,low_activity,R40Q
R,40,S,0.73957295,0.269644964,0.336957414,non-significant,R40S
R,40,T,0.75959484,0.240482747,0.097346508,non-significant,R40T
R,40,V,0.581204799,0.210255532,6.9e-06,low_activity,R40V
R,40,W,0.721619883,0.19593863,0.000385789,low_activity,R40W
R,40,Y,0.599966422,0.160922452,0.001373112,low_activity,R40Y
R,41,A,0.589413954,0.199256846,0.027783442,low_activity,R41A
R,41,C,0.680479113,0.154182756,0.013052341,low_activity,R41C
R,41,D,0.694594336,0.149601594,0.00228666,low_activity,R41D
R,41,E,0.668607706,0.116471244,4.27e-06,low_activity,R41E
R,41,F,0.642419358,0.156390135,0.000143085,low_activity,R41F
R,41,G,0.644325174,0.132606104,0.000190739,low_activity,R41G
R,41,H,0.613909285,0.085297288,7.27e-07,low_activity,R41H
R,41,I,0.616831827,0.106623999,5.39e-06,low_activity,R41I
R,41,K,0.902097148,0.126986998,0.500801049,non-significant,R41K
R,41,L,0.762671548,0.169876018,0.04611716,low_activity,R41L
R,41,M,0.764614752,0.154905249,0.001994816,low_activity,R41M
R,41,N,0.674628839,0.072148221,0.00064003,low_activity,R41N
R,41,P,0.704397042,0.159222588,0.006909772,low_activity,R41P
R,41,Q,0.674067292,0.09519986,3.3874e-05,low_activity,R41Q
R,41,S,0.492579014,0.185658464,2.05e-06,low_activity,R41S
R,41,T,0.68252856,0.22697965,0.020864088,low_activity,R41T
R,41,W,0.629109354,0.07921899,7.03802e-05,low_activity,R41W
R,41,Y,0.565164619,0.102774186,0.000664927,low_activity,R41Y
E,42,A,1.056852773,0.135147124,0.659517444,non-significant,E42A
E,42,D,1.02130724,0.288284558,0.677624113,non-significant,E42D
E,42,F,0.931577401,0.109921554,0.722359568,non-significant,E42F
E,42,G,0.97971992,0.125140036,0.889323416,non-significant,E42G
E,42,H,1.022676756,0.305470613,0.873671282,non-significant,E42H
E,42,K,0.601347831,0.313384214,0.018434918,low_activity,E42K
E,42,L,0.757289877,0.116752954,0.262035202,non-significant,E42L
E,42,M,1.017645476,0.286425891,0.829415842,non-significant,E42M
E,42,N,1.148816356,0.301705836,0.519365804,non-significant,E42N
E,42,P,1.173649158,0.568359651,0.328301298,non-significant,E42P
E,42,Q,1.061377438,0.307782722,0.655791679,non-significant,E42Q
E,42,T,0.668375842,0.183140349,0.040329152,low_activity,E42T
E,42,V,0.951711381,0.094611394,0.46176231,non-significant,E42V
E,42,W,0.846773584,0.19613805,0.131537641,non-significant,E42W
E,42,Y,0.925176029,0.095548307,0.883241444,non-significant,E42Y
R,43,A,0.629341908,0.085208502,5.72161e-05,low_activity,R43A
R,43,C,0.689209343,0.163515274,0.001577867,low_activity,R43C
R,43,D,0.756130567,0.161040982,0.004399926,low_activity,R43D
R,43,E,0.60163972,0.202264851,2.06141e-05,low_activity,R43E
R,43,F,0.6684149,0.165193653,0.003891147,low_activity,R43F
R,43,G,0.574878173,0.144517132,4.34858e-05,low_activity,R43G
R,43,H,0.623690733,0.042479388,9.34e-06,low_activity,R43H
R,43,I,0.649512769,0.197233626,0.00681009,low_activity,R43I
R,43,K,0.762613429,0.185643888,0.003052365,low_activity,R43K
R,43,L,0.597959862,0.086018092,3.71559e-05,low_activity,R43L
R,43,M,0.611614889,0.080976296,0.000399176,low_activity,R43M
R,43,N,0.642422473,0.153603063,0.003426247,low_activity,R43N
R,43,P,0.599958357,0.208617916,0.000554483,low_activity,R43P
R,43,Q,0.780073217,0.094596393,0.160802848,non-significant,R43Q
R,43,S,0.583880541,0.154746406,6.01e-07,low_activity,R43S
R,43,T,0.599021948,0.153079284,6.77738e-05,low_activity,R43T
R,43,V,0.540592581,0.299663155,1.36425e-05,low_activity,R43V
R,43,W,0.658314068,0.108998644,0.000581516,low_activity,R43W
T,44,A,0.735944129,0.1186763,0.102910312,non-significant,T44A
T,44,C,0.654655691,0.129621209,0.001060018,low_activity,T44C
T,44,D,0.712175738,0.13188124,0.000485291,low_activity,T44D
T,44,E,0.653936463,0.160943964,2.07831e-05,low_activity,T44E
T,44,F,0.735245378,0.083688926,0.00773535,low_activity,T44F
T,44,G,0.766039037,0.249898177,0.239395222,non-significant,T44G
T,44,H,0.860621674,0.230005576,0.298778623,non-significant,T44H
T,44,I,0.783951122,0.09678177,0.030610827,low_activity,T44I
T,44,K,0.620860427,0.177238753,2.09e-06,low_activity,T44K
T,44,L,0.612820167,0.18036019,0.000538711,low_activity,T44L
T,44,M,0.544209281,0.072200774,7.51e-09,low_activity,T44M
T,44,N,0.653258457,0.084049331,2.53e-06,low_activity,T44N
T,44,P,0.639303976,0.212473747,0.004634132,low_activity,T44P
T,44,Q,0.882370399,0.223607898,0.629635209,non-significant,T44Q
T,44,R,0.712589485,0.124421752,0.000164594,low_activity,T44R
T,44,S,0.51472616,0.094771319,0.000718262,low_activity,T44S
T,44,V,0.768353033,0.080318691,0.061134727,non-significant,T44V
T,44,W,0.677497241,0.120270377,0.001139188,low_activity,T44W
T,44,Y,0.639101926,0.137007692,4.17e-06,low_activity,T44Y
T,45,A,1.053416571,0.112766481,0.272172297,non-significant,T45A
T,45,D,0.618531072,0.2005006,0.002911165,low_activity,T45D
T,45,E,0.756786043,0.232498634,0.00580408,low_activity,T45E
T,45,F,0.998501574,0.122093504,0.659015425,non-significant,T45F
T,45,G,0.57414,0.07108752,1.33926e-05,low_activity,T45G
T,45,H,0.983555719,0.103205521,0.778343879,non-significant,T45H
T,45,I,0.845353548,0.041937186,0.199906652,non-significant,T45I
T,45,K,1.263594015,0.128668155,0.001577867,high_activity,T45K
T,45,L,1.015891973,0.186714949,0.268676967,non-significant,T45L
T,45,M,0.835541654,0.14587416,0.031589407,low_activity,T45M
T,45,N,0.872530658,0.093386154,0.34298556,non-significant,T45N
T,45,P,0.726382266,0.115825974,0.314183628,non-significant,T45P
T,45,Q,1.01335007,0.225569729,0.82531351,non-significant,T45Q
T,45,R,0.855536682,0.383109868,0.365250938,non-significant,T45R
T,45,S,0.662088067,0.206659144,0.00058162,low_activity,T45S
T,45,V,0.958590357,0.455371709,0.467182186,non-significant,T45V
T,45,W,0.58052347,0.156685994,1.15e-06,low_activity,T45W
T,45,Y,0.908629174,0.267492896,0.276769604,non-significant,T45Y
F,46,C,0.616082137,0.083332136,4.6e-06,low_activity,F46C
F,46,D,0.617581067,0.11079458,0.001693581,low_activity,F46D
F,46,E,0.556209558,0.049968991,1.18e-09,low_activity,F46E
F,46,G,0.473112134,0.03465604,0.001195646,low_activity,F46G
F,46,H,0.70516752,0.126548613,0.061114723,non-significant,F46H
F,46,I,0.709342134,0.181528565,0.01613389,low_activity,F46I
F,46,K,0.690457657,0.125226071,0.001684836,low_activity,F46K
F,46,L,0.68461997,0.11621551,2.54e-06,low_activity,F46L
F,46,M,0.623706767,0.130160467,0.001260882,low_activity,F46M
F,46,N,0.684556972,0.203275831,0.001616165,low_activity,F46N
F,46,P,0.791516217,0.288518994,0.170541821,non-significant,F46P
F,46,Q,0.634521786,0.121025591,0.000910463,low_activity,F46Q
F,46,R,0.653114756,0.225442288,0.000209331,low_activity,F46R
F,46,S,0.649379805,0.117387632,0.001241912,low_activity,F46S
F,46,T,0.570931041,0.116759699,0.001004337,low_activity,F46T
F,46,V,0.863267516,0.436151282,0.063913497,non-significant,F46V
F,46,W,0.64885791,0.092234967,0.00017634,low_activity,F46W
F,46,Y,0.807842645,0.152129805,0.309455902,non-significant,F46Y
T,47,A,0.958825662,0.303943167,0.72015447,non-significant,T47A
T,47,C,0.96547894,0.105361605,0.594551781,non-significant,T47C
T,47,D,0.604795614,0.105073564,0.000583927,low_activity,T47D
T,47,E,0.620869988,0.065575752,8.48e-06,low_activity,T47E
T,47,F,0.763496045,0.094535865,0.037764238,low_activity,T47F
T,47,G,0.910637762,0.09130907,0.436910312,non-significant,T47G
T,47,H,0.877317042,0.083941471,0.245168351,non-significant,T47H
T,47,I,0.788244795,0.188694805,0.111543078,non-significant,T47I
T,47,K,0.985408574,0.22756509,0.789073439,non-significant,T47K
T,47,L,0.757331078,0.181147125,0.102588527,non-significant,T47L
T,47,M,0.700382023,0.261375147,0.051791085,non-significant,T47M
T,47,N,1.339973138,0.236725394,0.046550808,high_activity,T47N
T,47,P,0.532099294,0.087174907,3.61e-09,low_activity,T47P
T,47,Q,1.166552247,0.18440448,0.193820178,non-significant,T47Q
T,47,R,1.117223381,0.141584285,0.386379868,non-significant,T47R
T,47,S,0.979567642,0.144677226,0.600222708,non-significant,T47S
T,47,V,0.803391345,0.185113955,0.268466622,non-significant,T47V
T,47,W,0.79317959,0.329582985,0.195938172,non-significant,T47W
T,47,Y,0.93187481,0.165092933,0.379741826,non-significant,T47Y
R,48,A,1.038451669,0.234800512,0.682183356,non-significant,R48A
R,48,C,0.979127291,0.248955381,0.820188277,non-significant,R48C
R,48,D,0.62286109,0.097475212,7.77035e-05,low_activity,R48D
R,48,E,0.704078796,0.103458325,0.057687026,non-significant,R48E
R,48,F,0.745815445,0.06868049,0.021305975,low_activity,R48F
R,48,G,0.74094288,0.251323195,0.031475632,low_activity,R48G
R,48,H,0.861790867,0.170583781,0.315058391,non-significant,R48H
R,48,I,0.887595895,0.157608748,0.180887554,non-significant,R48I
R,48,K,0.874114466,0.20190364,0.393445789,non-significant,R48K
R,48,L,0.791454237,0.071524796,0.032582829,low_activity,R48L
R,48,M,1.006496753,0.334939802,0.87436438,non-significant,R48M
R,48,N,0.851549608,0.103241395,0.064519619,non-significant,R48N
R,48,P,0.925018868,0.192361705,0.85235819,non-significant,R48P
R,48,Q,1.016176745,0.152500478,0.885721346,non-significant,R48Q
R,48,S,0.979034308,0.100488952,0.552547905,non-significant,R48S
R,48,T,0.869515178,0.209470619,0.022045992,low_activity,R48T
R,48,V,0.963159783,0.07857346,0.63442442,non-significant,R48V
R,48,W,0.794147827,0.116586786,0.10857749,non-significant,R48W
R,48,Y,0.909314261,0.280178588,0.136241218,non-significant,R48Y
S,49,A,0.864849513,0.051094767,0.105423927,non-significant,S49A
S,49,D,0.891687581,0.083561246,0.308202555,non-significant,S49D
S,49,E,0.816097449,0.084830147,0.004987472,low_activity,S49E
S,49,F,0.889090545,0.024233288,0.532737833,non-significant,S49F
S,49,G,0.767996598,0.121334636,0.045612207,low_activity,S49G
S,49,H,0.901991216,0.30214958,0.820188277,non-significant,S49H
S,49,I,1.115622129,0.337378836,0.757327891,non-significant,S49I
S,49,K,0.980782594,0.295465445,0.750702396,non-significant,S49K
S,49,L,0.762399742,0.20308173,0.047101956,low_activity,S49L
S,49,M,1.155348779,0.045821505,0.152071923,non-significant,S49M
S,49,N,1.0133352,0.254905824,0.950699136,non-significant,S49N
S,49,P,0.901845744,0.159624167,0.597257269,non-significant,S49P
S,49,Q,0.864298452,0.048949351,0.224706949,non-significant,S49Q
S,49,R,0.925302801,0.096674976,0.660651979,non-significant,S49R
S,49,T,1.078792823,0.276141295,0.57779121,non-significant,S49T
S,49,V,0.878149324,0.095611612,0.635123335,non-significant,S49V
S,49,W,0.80364558,0.228237216,0.2304793,non-significant,S49W
S,49,Y,0.886269081,0.146444371,0.343237657,non-significant,S49Y
Q,50,A,0.838463772,0.219458624,0.521767547,non-significant,Q50A
Q,50,C,0.531588416,0.09702212,7.56e-07,low_activity,Q50C
Q,50,D,0.639354018,0.171730371,2.79698e-05,low_activity,Q50D
Q,50,E,0.709042991,0.117759347,0.001019878,low_activity,Q50E
Q,50,F,0.586362731,0.129245697,0.000431141,low_activity,Q50F
Q,50,G,0.571907693,0.154634097,7.09609e-05,low_activity,Q50G
Q,50,H,0.929043046,0.301753009,0.101851042,non-significant,Q50H
Q,50,I,0.519544491,0.092454089,6.2e-07,low_activity,Q50I
Q,50,K,0.669826963,0.088892843,0.000192004,low_activity,Q50K
Q,50,L,0.581256667,0.119607162,5.31e-07,low_activity,Q50L
Q,50,M,0.9689179,0.283510083,0.831958483,non-significant,Q50M
Q,50,N,0.798640483,0.12682386,0.172925073,non-significant,Q50N
Q,50,P,0.76311849,0.18264023,0.007906601,low_activity,Q50P
Q,50,R,0.617775633,0.278350827,0.015106644,low_activity,Q50R
Q,50,S,1.007019269,0.240886381,0.497372199,non-significant,Q50S
Q,50,T,0.663961142,0.141989226,2.83489e-05,low_activity,Q50T
Q,50,V,0.710942149,0.23692719,0.01312595,low_activity,Q50V
Q,50,W,0.430553192,0.088245141,7.82e-07,low_activity,Q50W
Q,50,Y,0.741853962,0.23800913,0.021368353,low_activity,Q50Y
L,51,A,0.619092759,0.242105972,0.000266948,low_activity,L51A
L,51,C,0.705509411,0.126754812,0.000993655,low_activity,L51C
L,51,D,0.638116482,0.121702402,0.000232383,low_activity,L51D
L,51,E,0.581357806,0.180601945,0.000276984,low_activity,L51E
L,51,G,0.827147603,0.165781666,0.050750727,non-significant,L51G
L,51,H,0.655723219,0.11681499,0.00021194,low_activity,L51H
L,51,I,0.852194046,0.128065383,0.099786942,non-significant,L51I
L,51,K,0.911973358,0.097552664,0.616415956,non-significant,L51K
L,51,M,0.820840599,0.08529912,0.0645916,non-significant,L51M
L,51,N,0.602135086,0.207757765,0.000171509,low_activity,L51N
L,51,P,0.646964619,0.126803213,0.001637329,low_activity,L51P
L,51,Q,0.652110495,0.164938954,0.00017634,low_activity,L51Q
L,51,R,0.95181454,0.233524817,0.526572055,non-significant,L51R
L,51,S,0.610306557,0.052780343,0.000541096,low_activity,L51S
L,51,T,0.761152522,0.140139007,0.005801524,low_activity,L51T
L,51,V,0.833445326,0.039015688,0.07339901,non-significant,L51V
L,51,W,0.670143898,0.239969823,1.41471e-05,low_activity,L51W
L,51,Y,0.911005042,0.0929518,0.219048388,non-significant,L51Y
E,52,A,1.094029325,0.078029922,0.234342052,non-significant,E52A
E,52,D,1.004342883,0.318875203,0.81715304,non-significant,E52D
E,52,F,0.977681856,0.347083666,0.600920867,non-significant,E52F
E,52,G,1.39274816,0.2446878,0.075626317,non-significant,E52G
E,52,H,0.82195121,0.143183913,0.091715411,non-significant,E52H
E,52,I,0.910902698,0.13239674,0.720864399,non-significant,E52I
E,52,K,0.778210905,0.224449376,0.035251721,low_activity,E52K
E,52,L,0.815970121,0.09470437,0.524629271,non-significant,E52L
E,52,M,0.98119442,0.280250928,0.965876868,non-significant,E52M
E,52,N,1.010720956,0.116586732,0.989993785,non-significant,E52N
E,52,P,0.591738919,0.067909019,3.58e-06,low_activity,E52P
E,52,Q,1.022824966,0.060630703,0.563673869,non-significant,E52Q
E,52,R,0.81675918,0.218571676,0.001548311,low_activity,E52R
E,52,S,1.023230728,0.359043247,0.803300338,non-significant,E52S
E,52,T,1.157706104,0.181910238,0.267878919,non-significant,E52T
E,52,V,0.969324055,0.245024489,0.971729788,non-significant,E52V
E,52,W,0.67282404,0.371877803,0.406869803,non-significant,E52W
E,52,Y,0.945255805,0.080565971,0.306508711,non-significant,E52Y
E,53,A,0.886421973,0.29482465,0.735887915,non-significant,E53A
E,53,C,0.989805868,0.187639083,0.825434928,non-significant,E53C
E,53,D,1.037758788,0.127508065,0.948554208,non-significant,E53D
E,53,F,1.13885722,0.540085481,0.44485514,non-significant,E53F
E,53,G,0.715934911,0.205792021,3.33592e-05,low_activity,E53G
E,53,H,1.025860332,0.078972564,0.770625425,non-significant,E53H
E,53,I,1.118673186,0.27033215,0.767671471,non-significant,E53I
E,53,K,0.732249322,0.215404174,0.009992888,low_activity,E53K
E,53,L,0.931247543,0.179422722,0.508838095,non-significant,E53L
E,53,M,0.810197268,0.170583067,0.344485066,non-significant,E53M
E,53,N,1.003224971,0.253445477,0.604554262,non-significant,E53N
E,53,Q,0.825100188,0.086814354,0.3873219,non-significant,E53Q
E,53,R,0.849454815,0.042249088,0.075639294,non-significant,E53R
E,53,S,0.859494713,0.08225989,0.010654073,low_activity,E53S
E,53,T,0.725875544,0.309928176,0.049990421,low_activity,E53T
E,53,V,0.78765534,0.296285213,0.122386224,non-significant,E53V
E,53,W,0.81518896,0.064101654,0.203273472,non-significant,E53W
L,54,A,0.690973035,0.215014189,0.000195376,low_activity,L54A
L,54,C,0.516185611,0.125363761,2.86099e-05,low_activity,L54C
L,54,D,0.651387867,0.12714825,0.000474716,low_activity,L54D
L,54,E,0.669385684,0.097019777,0.001956758,low_activity,L54E
L,54,F,0.765422314,0.499138533,0.032063556,low_activity,L54F
L,54,G,0.545238515,0.146654363,0.00037055,low_activity,L54G
L,54,H,0.73545598,0.152662342,5.61901e-05,low_activity,L54H
L,54,I,0.574614611,0.140523689,1.04541e-05,low_activity,L54I
L,54,K,0.693601944,0.165902066,0.005116818,low_activity,L54K
L,54,M,0.896949748,0.520758897,0.172382623,non-significant,L54M
L,54,N,0.594127508,0.203237421,5.29744e-05,low_activity,L54N
L,54,P,0.674949694,0.141603376,0.010475944,low_activity,L54P
L,54,Q,0.526937006,0.148446015,0.000101325,low_activity,L54Q
L,54,R,0.68392435,0.083784207,8.82e-06,low_activity,L54R
L,54,S,0.489130914,0.095750866,2.36676e-05,low_activity,L54S
L,54,T,0.659101571,0.100982011,0.000241409,low_activity,L54T
L,54,V,0.674352153,0.187647664,0.013626115,low_activity,L54V
L,54,W,0.548276223,0.055521773,1.14e-10,low_activity,L54W
L,54,Y,0.600683881,0.170777435,0.000694538,low_activity,L54Y
E,55,A,0.656393368,0.089444496,0.001589428,low_activity,E55A
E,55,C,0.867475923,0.222735747,0.338826302,non-significant,E55C
E,55,D,0.915557698,0.117494952,0.579707405,non-significant,E55D
E,55,F,1.214328668,0.407774512,0.842191343,non-significant,E55F
E,55,G,0.886239843,0.141507577,0.360220464,non-significant,E55G
E,55,H,0.999959107,0.277497827,0.975627875,non-significant,E55H
E,55,I,0.815064711,0.073158028,0.201974761,non-significant,E55I
E,55,K,0.837053232,0.184321648,0.081356161,non-significant,E55K
E,55,L,0.902743148,0.107598143,0.699397553,non-significant,E55L
E,55,M,1.043202772,0.127560385,0.992843971,non-significant,E55M
E,55,N,0.794322736,0.310224602,0.45685488,non-significant,E55N
E,55,P,0.581722998,0.089935548,7.14e-06,low_activity,E55P
E,55,Q,1.052716405,0.391086117,0.756341918,non-significant,E55Q
E,55,R,0.756690739,0.106693637,0.003285928,low_activity,E55R
E,55,T,0.932788251,0.153487211,0.267524427,non-significant,E55T
E,55,V,0.862053659,0.310332305,0.211628028,non-significant,E55V
E,55,W,0.862096555,0.223212644,0.061978393,non-significant,E55W
E,55,Y,0.771510121,0.130746929,0.02929161,low_activity,E55Y
A,56,C,1.185678345,0.107979899,0.050912916,non-significant,A56C
A,56,D,1.039595495,0.108315257,0.914528436,non-significant,A56D
A,56,E,0.92308185,0.165537388,0.886970575,non-significant,A56E
A,56,F,0.990129572,0.093270443,0.992843971,non-significant,A56F
A,56,G,0.887944095,0.501152772,0.509965522,non-significant,A56G
A,56,I,0.938537732,0.103982323,0.403053869,non-significant,A56I
A,56,K,1.057737511,0.264906865,0.914528436,non-significant,A56K
A,56,L,1.05876884,0.180556722,0.387049361,non-significant,A56L
A,56,M,1.095161752,0.384808107,0.861503114,non-significant,A56M
A,56,N,1.02226755,0.186365911,0.988673314,non-significant,A56N
A,56,P,0.650847147,0.13744407,9.71372e-05,low_activity,A56P
A,56,Q,1.022491099,0.342929607,0.750702396,non-significant,A56Q
A,56,R,0.89738858,0.247581965,0.328811721,non-significant,A56R
A,56,S,1.118646752,0.334856303,0.421043534,non-significant,A56S
A,56,T,1.007108523,0.340257842,0.632270851,non-significant,A56T
A,56,V,0.894825919,0.123292203,0.376092189,non-significant,A56V
A,56,W,0.825621113,0.188857373,0.04616309,low_activity,A56W
A,56,Y,1.077645662,0.202300281,0.691317422,non-significant,A56Y
L,57,A,1.014335416,0.123500869,0.997116665,non-significant,L57A
L,57,C,0.83235032,0.195535292,0.487134138,non-significant,L57C
L,57,D,0.588282255,0.104653013,2.00724e-05,low_activity,L57D
L,57,E,0.881246534,0.198279897,0.235083431,non-significant,L57E
L,57,F,0.846513227,0.303463034,0.65741956,non-significant,L57F
L,57,G,0.622903497,0.052906584,1.68e-07,low_activity,L57G
L,57,H,0.74043978,0.136257703,0.046640158,low_activity,L57H
L,57,I,0.885653572,0.11904902,0.635338212,non-significant,L57I
L,57,K,0.776385304,0.19733451,0.001616745,low_activity,L57K
L,57,M,0.792442591,0.149686072,0.065616744,non-significant,L57M
L,57,N,0.600342644,0.089950525,0.000518117,low_activity,L57N
L,57,P,0.613893425,0.173964963,0.005623672,low_activity,L57P
L,57,Q,1.004118946,0.156955674,0.954342137,non-significant,L57Q
L,57,R,0.726384774,0.146923872,0.01512185,low_activity,L57R
L,57,S,0.692390707,0.062918948,0.001288045,low_activity,L57S
L,57,T,0.814259462,0.14485423,0.106455441,non-significant,L57T
L,57,V,1.176301613,0.296619052,0.393445789,non-significant,L57V
L,57,W,0.810007491,0.119917659,0.083383716,non-significant,L57W
L,57,Y,0.659610577,0.165836806,0.005176482,low_activity,L57Y
F,58,A,0.727275466,0.24513373,0.017409556,low_activity,F58A
F,58,C,0.687505705,0.152804293,0.007057828,low_activity,F58C
F,58,D,0.569787279,0.184634907,7.53835e-05,low_activity,F58D
F,58,H,0.781393313,0.0759454,0.003285387,low_activity,F58H
F,58,I,0.547420152,0.125281545,0.000508699,low_activity,F58I
F,58,K,0.569479693,0.175273919,6.1e-07,low_activity,F58K
F,58,L,0.712853292,0.056540144,0.000198666,low_activity,F58L
F,58,M,0.680941796,0.184025326,0.111058302,non-significant,F58M
F,58,N,0.625413219,0.083890689,9.9954e-05,low_activity,F58N
F,58,P,0.641231227,0.101313254,6.41078e-05,low_activity,F58P
F,58,Q,0.674330092,0.199848662,0.000802436,low_activity,F58Q
F,58,R,0.671165782,0.281057755,0.010103468,low_activity,F58R
F,58,S,0.725403078,0.17769199,0.006991949,low_activity,F58S
F,58,T,0.690648093,0.122177557,0.002261874,low_activity,F58T
F,58,V,0.702426409,0.082108352,1.24e-06,low_activity,F58V
F,58,W,0.980625466,0.107514091,0.67785881,non-significant,F58W
F,58,Y,0.817919667,0.14721443,0.242247115,non-significant,F58Y
A,59,C,1.175565043,0.211009506,0.01855545,high_activity,A59C
A,59,D,1.018872698,0.120103323,0.880197346,non-significant,A59D
A,59,E,0.956674908,0.295129282,0.763577234,non-significant,A59E
A,59,F,0.914523463,0.130849502,0.851794398,non-significant,A59F
A,59,G,1.12297175,0.162001884,0.1248407,non-significant,A59G
A,59,H,0.994320604,0.237848457,0.837412547,non-significant,A59H
A,59,I,0.893123387,0.350135489,0.752982189,non-significant,A59I
A,59,K,0.896370126,0.233703592,0.323666684,non-significant,A59K
A,59,L,1.026926301,0.324413609,0.921288764,non-significant,A59L
A,59,M,0.871331501,0.154805882,0.551531737,non-significant,A59M
A,59,N,0.884359853,0.125742877,0.563445642,non-significant,A59N
A,59,P,0.726319396,0.095925981,0.057857491,non-significant,A59P
A,59,Q,1.163423867,0.199616831,0.146284119,non-significant,A59Q
A,59,R,0.818722213,0.157564917,0.167299774,non-significant,A59R
A,59,S,0.847672689,0.156881983,0.073183918,non-significant,A59S
A,59,T,0.997006951,0.143031931,0.9170761,non-significant,A59T
A,59,V,1.020452477,0.163872689,0.789744884,non-significant,A59V
A,59,W,1.310023436,0.201358303,0.007579074,high_activity,A59W
A,59,Y,1.239284763,0.419462484,0.282961051,non-significant,A59Y
K,60,C,1.033509124,0.265182593,0.539111631,non-significant,K60C
K,60,D,0.839728248,0.134001325,0.314479628,non-significant,K60D
K,60,E,1.044827377,0.177851937,0.500123442,non-significant,K60E
K,60,F,0.903006383,0.198177232,0.677054426,non-significant,K60F
K,60,G,0.829449746,0.135665491,0.260773125,non-significant,K60G
K,60,H,1.026892968,0.147953175,0.338293802,non-significant,K60H
K,60,I,0.856014921,0.165617412,0.282517847,non-significant,K60I
K,60,L,0.735259656,0.425623314,0.067773375,non-significant,K60L
K,60,M,0.872789577,0.256809288,0.308649061,non-significant,K60M
K,60,N,0.911423277,0.342879167,0.573491354,non-significant,K60N
K,60,P,0.600766747,0.20206262,1.58e-07,low_activity,K60P
K,60,Q,1.016484426,0.272708875,0.939347269,non-significant,K60Q
K,60,R,1.236573605,0.208359925,0.014919931,high_activity,K60R
K,60,S,0.920487943,0.190488261,0.805015697,non-significant,K60S
K,60,T,0.823120583,0.190656254,0.52312279,non-significant,K60T
K,60,V,1.139966947,0.119809204,0.198946435,non-significant,K60V
K,60,W,0.88873664,0.143180196,0.193041665,non-significant,K60W
K,60,Y,1.18197865,0.301961617,0.158380597,non-significant,K60Y
T,61,A,0.773355287,0.194214388,0.102328284,non-significant,T61A
T,61,C,0.921179517,0.341667751,0.632161358,non-significant,T61C
T,61,D,1.029736482,0.092231057,0.4886903,non-significant,T61D
T,61,E,1.113605683,0.188392586,0.493322571,non-significant,T61E
T,61,F,0.828816023,0.115693231,0.145729873,non-significant,T61F
T,61,G,0.918207906,0.151900886,0.523963729,non-significant,T61G
T,61,H,0.986701011,0.232725992,0.742666293,non-significant,T61H
T,61,I,1.136952192,0.1558308,0.461887273,non-significant,T61I
T,61,K,0.645449294,0.071416799,4.06569e-05,low_activity,T61K
T,61,L,0.818553635,0.067942965,0.008837016,low_activity,T61L
T,61,M,0.864678857,0.294328164,0.441151101,non-significant,T61M
T,61,N,1.128348453,0.201825051,0.670164355,non-significant,T61N
T,61,Q,1.064035096,0.148642829,0.585541601,non-significant,T61Q
T,61,R,0.746126736,0.061228071,0.006000248,low_activity,T61R
T,61,S,0.900451993,0.260926152,0.157411314,non-significant,T61S
T,61,V,0.996093113,0.078131962,0.9820695,non-significant,T61V
T,61,W,0.899574913,0.331127279,0.712556173,non-significant,T61W
T,61,Y,0.859850423,0.269098098,0.012642262,low_activity,T61Y
Q,62,A,0.909969251,0.076885724,0.460619421,non-significant,Q62A
Q,62,C,1.021553581,0.441155798,0.975117669,non-significant,Q62C
Q,62,D,0.931601193,0.263328176,0.563445642,non-significant,Q62D
Q,62,E,1.130911666,0.077048937,0.085786706,non-significant,Q62E
Q,62,F,1.06677611,0.250310643,0.933892207,non-significant,Q62F
Q,62,G,0.890860627,0.207717504,0.411385055,non-significant,Q62G
Q,62,H,0.995287119,0.192151295,0.979499654,non-significant,Q62H
Q,62,I,0.819162087,0.169670979,0.132972033,non-significant,Q62I
Q,62,K,0.898055253,0.16432658,0.369757034,non-significant,Q62K
Q,62,M,1.024328133,0.143079914,0.910324722,non-significant,Q62M
Q,62,N,1.100276544,0.241293362,0.85478849,non-significant,Q62N
Q,62,P,1.003056396,0.117272889,0.893278818,non-significant,Q62P
Q,62,R,1.005298542,0.43035728,0.883241444,non-significant,Q62R
Q,62,S,0.828871506,0.097944435,0.254563534,non-significant,Q62S
Q,62,T,0.846635572,0.164521636,0.083614794,non-significant,Q62T
Q,62,V,0.871497508,0.192130784,0.605978723,non-significant,Q62V
Q,62,W,1.008725284,0.187232167,0.617465802,non-significant,Q62W
Q,62,Y,1.002267475,0.08896167,0.40134108,non-significant,Q62Y
Y,63,A,0.723743714,0.262066811,0.01189042,low_activity,Y63A
Y,63,C,0.596202191,0.250388325,0.000335941,low_activity,Y63C
Y,63,D,0.575974434,0.180437737,0.006775057,low_activity,Y63D
Y,63,E,0.654079871,0.225341317,0.00288981,low_activity,Y63E
Y,63,F,0.744644388,0.139552448,0.010707338,low_activity,Y63F
Y,63,G,0.566738752,0.079528241,3.84e-09,low_activity,Y63G
Y,63,H,0.664094245,0.102532105,0.038330462,low_activity,Y63H
Y,63,I,0.688714702,0.242738458,0.117172751,non-significant,Y63I
Y,63,K,0.540226854,0.212722593,0.003219095,low_activity,Y63K
Y,63,L,0.67180574,0.132446298,0.000255145,low_activity,Y63L
Y,63,N,0.715368512,0.184545757,0.042837885,low_activity,Y63N
Y,63,P,0.61285211,0.215670178,0.001259001,low_activity,Y63P
Y,63,Q,0.599036725,0.115816051,2.35e-06,low_activity,Y63Q
Y,63,R,0.687919019,0.106062357,4.18952e-05,low_activity,Y63R
Y,63,S,0.593916958,0.190174821,0.000967833,low_activity,Y63S
Y,63,T,0.667436766,0.16537746,0.001373112,low_activity,Y63T
Y,63,V,0.678439224,0.137069424,1.4595e-05,low_activity,Y63V
Y,63,W,0.483886327,0.109121836,7.27176e-05,low_activity,Y63W
P,64,A,0.686950602,0.328314134,0.006909772,low_activity,P64A
P,64,C,0.626249596,0.070188398,0.001593487,low_activity,P64C
P,64,D,0.65960655,0.192339399,0.001152724,low_activity,P64D
P,64,E,0.651193017,0.086026668,0.000179329,low_activity,P64E
P,64,F,0.787107534,0.12471081,0.136289923,non-significant,P64F
P,64,G,0.651449751,0.214855723,0.001320098,low_activity,P64G
P,64,H,0.639791249,0.218812684,0.001544669,low_activity,P64H
P,64,I,0.623495128,0.077089757,1.6922e-05,low_activity,P64I
P,64,K,0.640305271,0.09042266,1.94773e-05,low_activity,P64K
P,64,L,0.734320174,0.167896203,0.004293071,low_activity,P64L
P,64,M,0.619323931,0.19974764,0.001277905,low_activity,P64M
P,64,N,0.594679864,0.017176144,1.64997e-05,low_activity,P64N
P,64,Q,0.619865154,0.057157323,4.5027e-05,low_activity,P64Q
P,64,R,0.630789648,0.06688926,1.99e-08,low_activity,P64R
P,64,S,0.62073114,0.051640301,8.5111e-05,low_activity,P64S
P,64,T,0.743152509,0.118090132,0.00221608,low_activity,P64T
P,64,V,0.681967136,0.122529887,5.20053e-05,low_activity,P64V
P,64,W,0.62445316,0.121259683,0.023681968,low_activity,P64W
P,64,Y,0.60675013,0.257111667,4.33757e-05,low_activity,P64Y
D,65,A,0.769345286,0.084664006,0.000256462,low_activity,D65A
D,65,C,1.020415737,0.238842003,0.438271589,non-significant,D65C
D,65,E,0.818306969,0.151712209,0.083986621,non-significant,D65E
D,65,F,0.643494402,0.124015241,0.000203842,low_activity,D65F
D,65,G,0.725014021,0.132292911,0.020398138,low_activity,D65G
D,65,H,0.846328511,0.190302871,0.055082582,non-significant,D65H
D,65,I,0.727182846,0.28016107,0.014953581,low_activity,D65I
D,65,K,0.560477843,0.171898055,7.71391e-05,low_activity,D65K
D,65,M,0.65769491,0.185985332,7.37589e-05,low_activity,D65M
D,65,N,0.766073575,0.161042854,0.069747311,non-significant,D65N
D,65,P,0.892452476,0.224511082,0.639451915,non-significant,D65P
D,65,Q,0.627591995,0.089075625,0.000153367,low_activity,D65Q
D,65,R,0.662800147,0.096413895,0.003472408,low_activity,D65R
D,65,S,0.92211135,0.28618532,0.549652289,non-significant,D65S
D,65,T,0.912818146,0.069087223,0.266768389,non-significant,D65T
D,65,V,0.554819294,0.211987688,0.004731864,low_activity,D65V
D,65,W,0.605014591,0.200868488,0.036131158,low_activity,D65W
D,65,Y,0.523585635,0.157302777,0.000330989,low_activity,D65Y
V,66,A,0.95187115,0.189424325,0.700667334,non-significant,V66A
V,66,C,1.042229672,0.110455327,0.477752711,non-significant,V66C
V,66,D,0.669513431,0.17933593,0.000280274,low_activity,V66D
V,66,E,0.7957462,0.228961235,0.264888459,non-significant,V66E
V,66,F,0.705248128,0.188603742,0.003285387,low_activity,V66F
V,66,G,0.961680551,0.327514264,0.670164355,non-significant,V66G
V,66,H,1.066597638,0.179482149,0.883241444,non-significant,V66H
V,66,I,1.081852209,0.224836326,0.726732089,non-significant,V66I
V,66,K,1.19377405,0.211850924,0.070807242,non-significant,V66K
V,66,L,1.137248156,0.247185768,0.275790887,non-significant,V66L
V,66,M,1.070160866,0.182987577,0.83686971,non-significant,V66M
V,66,N,1.077643274,0.225549349,0.726979807,non-significant,V66N
V,66,P,0.765931826,0.071413602,0.003523363,low_activity,V66P
V,66,Q,0.748883412,0.063359205,0.008003721,low_activity,V66Q
V,66,R,0.946287842,0.162510869,0.878248219,non-significant,V66R
V,66,S,1.011036994,0.235483091,0.49588234,non-significant,V66S
V,66,T,0.870726595,0.129262805,0.548505921,non-significant,V66T
V,66,W,0.753791715,0.169856331,0.085563704,non-significant,V66W
V,66,Y,1.172327473,0.197172716,0.264336872,non-significant,V66Y
Y,67,A,1.061032707,0.156070887,0.503952937,non-significant,Y67A
Y,67,D,0.756685881,0.106361347,0.024196952,low_activity,Y67D
Y,67,E,1.075175016,0.256680544,0.098142608,non-significant,Y67E
Y,67,F,1.012598888,0.159477098,0.914528436,non-significant,Y67F
Y,67,G,1.111996102,0.277288007,0.140163703,non-significant,Y67G
Y,67,H,1.259424973,0.183953779,0.055197815,non-significant,Y67H
Y,67,I,1.025016933,0.135731729,0.634679563,non-significant,Y67I
Y,67,K,0.789338512,0.121988504,0.25818555,non-significant,Y67K
Y,67,L,0.942372682,0.207857101,0.733985217,non-significant,Y67L
Y,67,M,0.886934199,0.52509538,0.157891895,non-significant,Y67M
Y,67,N,0.982660744,0.096640016,0.659211941,non-significant,Y67N
Y,67,P,1.079870206,0.146033308,0.503448622,non-significant,Y67P
Y,67,Q,1.126325342,0.099466958,0.059926061,non-significant,Y67Q
Y,67,R,0.962833886,0.098894188,0.965876868,non-significant,Y67R
Y,67,S,0.915370195,0.276888594,0.932304419,non-significant,Y67S
Y,67,T,0.850231629,0.237381215,0.753792319,non-significant,Y67T
Y,67,V,0.944404908,0.05957168,0.880197346,non-significant,Y67V
Y,67,W,0.886182313,0.168016387,0.266528042,non-significant,Y67W
A,68,C,0.811917928,0.187263012,0.256733653,non-significant,A68C
A,68,D,0.893947056,0.116074449,0.624840031,non-significant,A68D
A,68,E,0.898918469,0.196266055,0.912368181,non-significant,A68E
A,68,F,0.89483011,0.110980643,0.858546957,non-significant,A68F
A,68,G,0.83208729,0.057073397,0.152021183,non-significant,A68G
A,68,H,0.822970082,0.351255273,0.20558295,non-significant,A68H
A,68,I,0.955157944,0.153706544,0.618520981,non-significant,A68I
A,68,K,0.832468754,0.154278788,0.169026909,non-significant,A68K
A,68,L,1.009944794,0.370044272,0.72983647,non-significant,A68L
A,68,M,0.835906567,0.202958296,0.198099903,non-significant,A68M
A,68,N,0.929517586,0.10155557,0.918141093,non-significant,A68N
A,68,P,0.58022104,0.158634059,6.01e-06,low_activity,A68P
A,68,Q,0.871381858,0.299670354,0.177505056,non-significant,A68Q
A,68,S,1.452610486,0.139474308,0.050937714,non-significant,A68S
A,68,T,1.161036342,0.284226849,0.360220464,non-significant,A68T
A,68,V,1.066547863,0.24159116,0.787442802,non-significant,A68V
A,68,W,0.730673273,0.321660386,0.050441783,non-significant,A68W
A,68,Y,0.941992638,0.11970284,0.05854793,non-significant,A68Y
R,69,A,0.664225374,0.165697896,0.004932023,low_activity,R69A
R,69,C,0.713727278,0.118655461,0.002736667,low_activity,R69C
R,69,D,0.630872718,0.080970176,5.45189e-05,low_activity,R69D
R,69,E,0.619700099,0.09689268,0.00076337,low_activity,R69E
R,69,F,0.761435778,0.065996147,0.072184658,non-significant,R69F
R,69,G,0.708284649,0.259638568,0.005950474,low_activity,R69G
R,69,H,0.66135106,0.235798535,0.088135925,non-significant,R69H
R,69,K,0.855942995,0.238351711,0.824757112,non-significant,R69K
R,69,M,0.728068935,0.055034747,0.013205887,low_activity,R69M
R,69,N,0.579692935,0.09342071,0.00111341,low_activity,R69N
R,69,P,0.585823239,0.144853499,0.001193882,low_activity,R69P
R,69,Q,0.603051671,0.079009814,8.81e-07,low_activity,R69Q
R,69,S,0.531307383,0.075529314,1.41471e-05,low_activity,R69S
R,69,T,0.557435001,0.180284033,0.032951699,low_activity,R69T
R,69,V,0.623732951,0.092408063,5.48143e-05,low_activity,R69V
R,69,W,0.539311143,0.079822548,4.07817e-05,low_activity,R69W
R,69,Y,0.738202598,0.160179933,0.002931696,low_activity,R69Y
E,70,A,0.715736446,0.317981548,0.484457787,non-significant,E70A
E,70,C,0.651614191,0.168807446,0.00703759,low_activity,E70C
E,70,D,1.13473321,0.080042821,0.63843935,non-significant,E70D
E,70,F,0.795704579,0.177097966,0.063627667,non-significant,E70F
E,70,G,0.883846672,0.170737496,0.197689505,non-significant,E70G
E,70,H,0.87174514,0.092192635,0.403060095,non-significant,E70H
E,70,I,0.891812733,0.242793129,0.010925054,low_activity,E70I
E,70,K,1.301733926,0.4439133,0.150073198,non-significant,E70K
E,70,L,0.854768869,0.3636353,0.233581403,non-significant,E70L
E,70,M,0.798289796,0.187967942,0.150360894,non-significant,E70M
E,70,N,0.894139564,0.274050343,0.415446902,non-significant,E70N
E,70,P,0.651335682,0.158827367,2.55e-08,low_activity,E70P
E,70,Q,1.028476998,0.26672352,0.674150892,non-significant,E70Q
E,70,R,1.071330944,0.058141159,0.203273472,non-significant,E70R
E,70,S,0.919194039,0.044132795,0.677195592,non-significant,E70S
E,70,T,0.840161843,0.278353054,0.316467186,non-significant,E70T
E,70,V,0.75772059,0.098160628,0.003974427,low_activity,E70V
E,70,W,0.839853439,0.084790822,0.116948313,non-significant,E70W
E,70,Y,0.821717403,0.163442246,0.090971451,non-significant,E70Y
E,71,A,0.825278161,0.129353437,0.078905478,non-significant,E71A
E,71,C,0.922570318,0.143935586,0.16433208,non-significant,E71C
E,71,D,0.885139425,0.091716581,0.266977568,non-significant,E71D
E,71,F,0.826074009,0.128094162,0.047776944,low_activity,E71F
E,71,G,0.71628546,0.079410082,3.33391e-05,low_activity,E71G
E,71,H,0.902097588,0.12378791,0.539614983,non-significant,E71H
E,71,I,0.730439377,0.245135065,0.081692189,non-significant,E71I
E,71,K,0.822577077,0.242081927,0.535820764,non-significant,E71K
E,71,L,0.824091021,0.178208801,0.033725011,low_activity,E71L
E,71,M,0.87608193,0.104917683,0.728660838,non-significant,E71M
E,71,N,0.941023013,0.103190854,0.768984744,non-significant,E71N
E,71,Q,0.782920218,0.277163172,0.154781427,non-significant,E71Q
E,71,R,0.839722104,0.252987013,0.088071228,non-significant,E71R
E,71,T,0.926392064,0.185395705,0.923133369,non-significant,E71T
E,71,V,0.912923718,0.242479294,0.247329964,non-significant,E71V
E,71,Y,0.637665475,0.1557509,0.032465342,low_activity,E71Y
V,72,A,1.378825804,0.404716678,0.359390267,non-significant,V72A
V,72,C,1.144047249,0.168424189,0.135420495,non-significant,V72C
V,72,D,0.637156608,0.01236327,0.008547859,low_activity,V72D
V,72,E,0.785233462,0.086031839,0.007416517,low_activity,V72E
V,72,F,0.728100664,0.069406456,0.001645849,low_activity,V72F
V,72,G,0.651690554,0.065288759,1.88e-06,low_activity,V72G
V,72,H,0.655523982,0.347947113,4.34828e-05,low_activity,V72H
V,72,I,0.853585183,0.186175052,0.157465017,non-significant,V72I
V,72,K,0.533985469,0.06436488,8.67e-06,low_activity,V72K
V,72,L,0.910530005,0.251710842,0.641757618,non-significant,V72L
V,72,M,0.885528183,0.279263399,0.138501158,non-significant,V72M
V,72,N,0.594652798,0.139264623,0.000103345,low_activity,V72N
V,72,P,0.650594458,0.150202949,0.006099919,low_activity,V72P
V,72,Q,0.609670586,0.075530379,2.87e-06,low_activity,V72Q
V,72,R,0.607403668,0.073556147,0.000214315,low_activity,V72R
V,72,S,0.589243417,0.042805973,0.000446936,low_activity,V72S
V,72,T,0.815938701,0.373099079,0.33905842,non-significant,V72T
V,72,W,0.654568095,0.21502404,0.000446936,low_activity,V72W
V,72,Y,0.563899974,0.153196645,1.67424e-05,low_activity,V72Y
A,73,C,0.643475607,0.038872415,0.000670959,low_activity,A73C
A,73,D,0.584997659,0.141038366,0.00017634,low_activity,A73D
A,73,E,0.718700667,0.156740343,0.030886914,low_activity,A73E
A,73,F,0.57403678,0.16538956,0.000136911,low_activity,A73F
A,73,G,0.856832007,0.148046972,0.82531351,non-significant,A73G
A,73,H,0.641428041,0.059512985,6.47e-07,low_activity,A73H
A,73,I,0.573735437,0.196579847,1.5086e-05,low_activity,A73I
A,73,K,0.684170986,0.152425605,0.00029962,low_activity,A73K
A,73,L,0.62033168,0.116517125,0.00086186,low_activity,A73L
A,73,M,0.669174171,0.227287931,5.22e-07,low_activity,A73M
A,73,N,0.661432761,0.10817877,2.05e-06,low_activity,A73N
A,73,P,0.742129582,0.153882532,0.001175036,low_activity,A73P
A,73,Q,0.623958624,0.118487751,0.000101018,low_activity,A73Q
A,73,R,0.709438295,0.16282399,0.000502819,low_activity,A73R
A,73,S,0.806558082,0.299520318,0.150401486,non-significant,A73S
A,73,V,0.518395351,0.09137373,1.12943e-05,low_activity,A73V
A,73,W,0.597872549,0.146178005,4.13e-06,low_activity,A73W
A,73,Y,0.449423887,0.11955958,6.7e-07,low_activity,A73Y
L,74,A,0.852031572,0.14771144,0.413576225,non-significant,L74A
L,74,C,1.030205265,0.197640776,0.408519341,non-significant,L74C
L,74,D,0.630986634,0.105889558,0.007385056,low_activity,L74D
L,74,E,0.968834387,0.119834327,0.809545679,non-significant,L74E
L,74,F,0.82772332,0.403651382,0.329679857,non-significant,L74F
L,74,G,0.944024346,0.190881673,0.570098366,non-significant,L74G
L,74,H,0.968582384,0.109103063,0.880197346,non-significant,L74H
L,74,I,0.883395447,0.189580052,0.416946964,non-significant,L74I
L,74,K,0.996288557,0.325991659,0.861872517,non-significant,L74K
L,74,M,1.059591089,0.180047087,0.925000587,non-significant,L74M
L,74,N,0.992440751,0.048559694,0.32337903,non-significant,L74N
L,74,P,0.632502254,0.12800461,0.000801695,low_activity,L74P
L,74,Q,1.137935839,0.287038359,0.837253289,non-significant,L74Q
L,74,R,0.799978668,0.22662201,0.212063176,non-significant,L74R
L,74,S,0.814556122,0.120221317,0.260106326,non-significant,L74S
L,74,T,0.91879015,0.41254882,0.980797004,non-significant,L74T
L,74,V,0.84566994,0.125999235,0.132858097,non-significant,L74V
L,74,W,0.897379433,0.198160794,0.328505361,non-significant,L74W
L,74,Y,1.043260565,0.357431282,0.735493679,non-significant,L74Y
K,75,A,0.825309561,0.204368884,0.234056524,non-significant,K75A
K,75,C,0.791908772,0.049574121,0.015765739,low_activity,K75C
K,75,D,0.649690998,0.178135718,0.00142523,low_activity,K75D
K,75,E,0.615220218,0.072297162,6.89e-08,low_activity,K75E
K,75,F,0.91131741,0.243950697,0.849043285,non-significant,K75F
K,75,G,0.72510236,0.005478651,0.009274759,low_activity,K75G
K,75,H,0.932247444,0.248048104,0.211628028,non-significant,K75H
K,75,I,0.747984383,0.18405518,0.00372274,low_activity,K75I
K,75,L,0.942645841,0.339137826,0.999929912,non-significant,K75L
K,75,M,0.96371804,0.119865407,0.882434903,non-significant,K75M
K,75,N,0.839442351,0.265990397,0.199101597,non-significant,K75N
K,75,P,0.640268025,0.113128209,1.8898e-05,low_activity,K75P
K,75,Q,0.792318348,0.1992687,0.260705722,non-significant,K75Q
K,75,R,0.936386884,0.126411985,0.442036505,non-significant,K75R
K,75,S,0.809255628,0.114053261,0.156704488,non-significant,K75S
K,75,T,0.748325555,0.098691024,0.120213838,non-significant,K75T
K,75,V,0.708950335,0.106736337,0.00372274,low_activity,K75V
K,75,W,0.557267664,0.046457208,6.89e-06,low_activity,K75W
K,75,Y,0.770181018,0.212649997,0.010640356,low_activity,K75Y
I,76,A,0.678243522,0.156107362,0.008865543,low_activity,I76A
I,76,C,1.06971161,0.272699902,0.83509188,non-significant,I76C
I,76,D,0.586736505,0.031381593,4.54e-08,low_activity,I76D
I,76,E,0.63775769,0.063473757,5.78e-07,low_activity,I76E
I,76,F,0.65293848,0.161521303,0.000389654,low_activity,I76F
I,76,G,0.645104408,0.123624292,9.93e-06,low_activity,I76G
I,76,H,0.781652011,0.184710993,0.02776472,low_activity,I76H
I,76,K,0.48864172,0.201079321,0.000266948,low_activity,I76K
I,76,L,0.799676392,0.117388057,0.266939685,non-significant,I76L
I,76,M,0.845596253,0.235897303,0.15184548,non-significant,I76M
I,76,N,0.558695707,0.220024218,0.000894687,low_activity,I76N
I,76,P,0.807585236,0.260342127,0.429719099,non-significant,I76P
I,76,Q,0.70043003,0.137910354,0.000702037,low_activity,I76Q
I,76,R,0.766203133,0.200010979,0.048075036,low_activity,I76R
I,76,S,0.490334911,0.141921221,9.86594e-05,low_activity,I76S
I,76,T,0.947696011,0.123059864,0.667943276,non-significant,I76T
I,76,V,0.839917722,0.221607712,0.15254451,non-significant,I76V
I,76,W,0.596188673,0.057318637,3.13e-10,low_activity,I76W
I,76,Y,0.950453848,0.069861556,0.640807569,non-significant,I76Y
N,77,A,1.002017541,0.184497404,0.462553972,non-significant,N77A
N,77,C,1.18559297,0.355565624,0.321784584,non-significant,N77C
N,77,D,0.844601635,0.172011938,0.25356327,non-significant,N77D
N,77,E,0.78257005,0.157990627,0.064017926,non-significant,N77E
N,77,F,1.008101145,0.268676264,0.330950012,non-significant,N77F
N,77,G,1.090028059,0.289385532,0.950699136,non-significant,N77G
N,77,I,0.701831938,0.156056536,0.000106638,low_activity,N77I
N,77,K,0.811828875,0.084146081,0.056239631,non-significant,N77K
N,77,L,0.924712696,0.095181458,0.42748893,non-significant,N77L
N,77,M,0.829969505,0.330272661,0.582261556,non-significant,N77M
N,77,P,0.63880578,0.151153602,0.016721969,low_activity,N77P
N,77,Q,1.019456912,0.09504703,0.760533285,non-significant,N77Q
N,77,R,0.971438151,0.213297017,0.983752325,non-significant,N77R
N,77,S,0.914195154,0.130900849,0.658017703,non-significant,N77S
N,77,T,0.828252053,0.409552397,0.669736157,non-significant,N77T
N,77,V,0.667659049,0.096301473,0.002614016,low_activity,N77V
N,77,W,0.72255615,0.084529421,0.005332948,low_activity,N77W
N,77,Y,0.992741936,0.246760037,0.94639859,non-significant,N77Y
L,78,A,0.790957407,0.067427653,0.048938518,low_activity,L78A
L,78,C,0.648004074,0.045906871,6.47e-06,low_activity,L78C
L,78,D,0.729312568,0.141264292,0.000321158,low_activity,L78D
L,78,E,0.661151564,0.217148605,0.000606683,low_activity,L78E
L,78,F,0.677019272,0.086844103,5.35968e-05,low_activity,L78F
L,78,G,0.613837055,0.223260133,0.000175074,low_activity,L78G
L,78,H,1.026196055,0.379820883,0.997116665,non-significant,L78H
L,78,I,0.769099134,0.116952455,0.16433208,non-significant,L78I
L,78,K,1.291731494,0.16522504,0.142118011,non-significant,L78K
L,78,M,0.79797314,0.178220333,0.1053434,non-significant,L78M
L,78,N,0.637609272,0.174696477,0.00193257,low_activity,L78N
L,78,P,0.621186366,0.184936682,0.006428491,low_activity,L78P
L,78,Q,1.083883768,0.174817837,0.522154764,non-significant,L78Q
L,78,R,1.060021522,0.118716795,0.602657928,non-significant,L78R
L,78,S,0.700256099,0.220912674,0.000307507,low_activity,L78S
L,78,T,0.644254152,0.184042349,0.000895128,low_activity,L78T
L,78,V,0.808081195,0.199025492,0.005693715,low_activity,L78V
L,78,W,0.690805681,0.07984741,5.81721e-05,low_activity,L78W
L,78,Y,0.549659467,0.081349944,3.35e-07,low_activity,L78Y
P,79,A,1.029111491,0.23883105,0.571126541,non-significant,P79A
P,79,C,0.981324056,0.086010672,0.638692212,non-significant,P79C
P,79,D,1.098521486,0.141203103,0.15531051,non-significant,P79D
P,79,E,1.127252034,0.096405866,0.062060519,non-significant,P79E
P,79,F,0.684665597,0.152858156,0.001605097,low_activity,P79F
P,79,G,0.934085789,0.113462264,0.336420941,non-significant,P79G
P,79,H,0.962786699,0.1429863,0.760210427,non-significant,P79H
P,79,I,0.517885032,0.162152203,0.004716699,low_activity,P79I
P,79,K,1.134865476,0.234229703,0.460619421,non-significant,P79K
P,79,L,0.850284159,0.13390143,0.178525634,non-significant,P79L
P,79,M,0.812373627,0.272257296,0.315366936,non-significant,P79M
P,79,N,0.975539918,0.187938994,0.946708704,non-significant,P79N
P,79,Q,1.228210979,0.348230531,0.174422194,non-significant,P79Q
P,79,R,0.939670288,0.115093779,0.382876944,non-significant,P79R
P,79,S,0.819095723,0.280685193,0.092172225,non-significant,P79S
P,79,T,0.905803837,0.135657345,0.235496895,non-significant,P79T
P,79,V,0.925037693,0.060219264,0.863081457,non-significant,P79V
P,79,W,0.661806412,0.235159789,0.03744881,low_activity,P79W
P,79,Y,0.665022786,0.128909852,6.27624e-05,low_activity,P79Y
E,80,A,0.880821793,0.282760167,0.857183757,non-significant,E80A
E,80,C,0.947625406,0.086894183,0.684838492,non-significant,E80C
E,80,D,0.755157967,0.211993414,0.018556386,low_activity,E80D
E,80,F,0.885818733,0.129646948,0.124688582,non-significant,E80F
E,80,G,0.935826958,0.126005792,0.941339537,non-significant,E80G
E,80,H,0.830170633,0.247380219,0.392495201,non-significant,E80H
E,80,I,0.985429068,0.280259128,0.587350023,non-significant,E80I
E,80,K,0.764327116,0.120112114,0.002876243,low_activity,E80K
E,80,L,0.882023737,0.303839272,0.203273472,non-significant,E80L
E,80,M,0.91647966,0.099456785,0.393445789,non-significant,E80M
E,80,N,0.995979128,0.08262456,0.923335954,non-significant,E80N
E,80,P,0.978368227,0.174439441,0.831573382,non-significant,E80P
E,80,Q,1.162220883,0.475340555,0.605914322,non-significant,E80Q
E,80,R,0.930776218,0.204545269,0.682183356,non-significant,E80R
E,80,S,0.902849442,0.180278776,0.797230725,non-significant,E80S
E,80,T,0.907725496,0.142502984,0.757155274,non-significant,E80T
E,80,V,0.989030589,0.209987029,0.870407367,non-significant,E80V
E,80,W,0.6448068,0.052757737,4.49935e-05,low_activity,E80W
E,80,Y,0.976130868,0.293785499,0.847077592,non-significant,E80Y
S,81,C,0.957856592,0.148423095,0.651781682,non-significant,S81C
S,81,D,1.241803389,0.534512935,0.59994514,non-significant,S81D
S,81,E,1.133432977,0.148846237,0.344168577,non-significant,S81E
S,81,F,0.655822046,0.103639355,9.86e-06,low_activity,S81F
S,81,G,1.045126935,0.176188849,0.422538639,non-significant,S81G
S,81,H,0.985003782,0.13175155,0.367117579,non-significant,S81H
S,81,I,1.011922964,0.171455652,0.523281423,non-significant,S81I
S,81,K,1.018375669,0.250221503,0.490951853,non-significant,S81K
S,81,L,0.923390117,0.341500785,0.868691424,non-significant,S81L
S,81,M,1.071205851,0.208726346,0.490574678,non-significant,S81M
S,81,N,1.096152219,0.379710562,0.83427519,non-significant,S81N
S,81,P,1.011089668,0.397780564,0.311271073,non-significant,S81P
S,81,Q,1.282543191,0.064905308,0.039244127,high_activity,S81Q
S,81,R,0.978879922,0.195972233,0.7983144,non-significant,S81R
S,81,T,0.814251293,0.191315706,0.652913602,non-significant,S81T
S,81,V,1.241306805,0.352809049,0.095665653,non-significant,S81V
S,81,W,0.790010286,0.207432543,0.024992802,low_activity,S81W
S,81,Y,0.738507658,0.14377573,0.001352744,low_activity,S81Y
R,82,A,0.617659408,0.086469676,2.54e-06,low_activity,R82A
R,82,C,0.895586008,0.204906734,0.457238946,non-significant,R82C
R,82,D,0.626684403,0.169005674,6.89e-08,low_activity,R82D
R,82,E,0.610847541,0.095253147,2.15893e-05,low_activity,R82E
R,82,F,0.548957915,0.130190394,2.33e-06,low_activity,R82F
R,82,G,0.673948593,0.049010128,4.22705e-05,low_activity,R82G
R,82,H,0.55205189,0.064652672,8.5111e-05,low_activity,R82H
R,82,I,0.981991878,0.053359494,0.9292517,non-significant,R82I
R,82,K,1.08939795,0.226049558,0.293642799,non-significant,R82K
R,82,L,0.626865572,0.062165772,6.01e-06,low_activity,R82L
R,82,M,0.699001436,0.1671604,0.00023369,low_activity,R82M
R,82,N,0.760698821,0.181739133,0.065836616,non-significant,R82N
R,82,P,0.698698953,0.084684594,0.000119647,low_activity,R82P
R,82,Q,0.600423273,0.11920252,1.02545e-05,low_activity,R82Q
R,82,S,0.649066761,0.195389071,0.007467041,low_activity,R82S
R,82,T,0.73243092,0.182895255,0.068342337,non-significant,R82T
R,82,V,0.898572745,0.18435765,0.460943082,non-significant,R82V
R,82,W,0.507489782,0.092373352,3.82e-06,low_activity,R82W
R,82,Y,0.570983583,0.137375888,6.89e-08,low_activity,R82Y
V,83,A,0.766943343,0.198975965,0.164293235,non-significant,V83A
V,83,C,0.638599557,0.234161307,0.01454612,low_activity,V83C
V,83,D,0.668844757,0.349553151,0.001361898,low_activity,V83D
V,83,E,0.617296344,0.111680395,6.92e-06,low_activity,V83E
V,83,F,0.575314858,0.108110048,5.51e-06,low_activity,V83F
V,83,G,0.67428483,0.094866958,7.34893e-05,low_activity,V83G
V,83,H,0.584723216,0.136606753,0.000196704,low_activity,V83H
V,83,I,0.974488298,0.112995923,0.914310954,non-significant,V83I
V,83,K,0.634326806,0.378069664,0.00139935,low_activity,V83K
V,83,L,0.68922122,0.163033488,0.006659623,low_activity,V83L
V,83,M,0.645313128,0.012753585,8.64e-07,low_activity,V83M
V,83,N,0.675802431,0.165929294,0.000684123,low_activity,V83N
V,83,P,0.625986178,0.110519737,0.000278231,low_activity,V83P
V,83,Q,0.681726763,0.109641449,0.00031283,low_activity,V83Q
V,83,R,0.824482292,0.292286786,0.076178892,non-significant,V83R
V,83,S,0.729624224,0.219751833,0.024569704,low_activity,V83S
V,83,T,0.653911889,0.058076577,0.00066791,low_activity,V83T
V,83,W,0.662068417,0.091540997,0.000682744,low_activity,V83W
V,83,Y,0.575227477,0.041466621,8.26e-07,low_activity,V83Y
Q,84,A,0.987659505,0.227211589,0.643707004,non-significant,Q84A
Q,84,C,0.948052742,0.178748611,0.868151392,non-significant,Q84C
Q,84,D,0.575521592,0.275930738,2.69217e-05,low_activity,Q84D
Q,84,E,0.576699421,0.167781316,4.51543e-05,low_activity,Q84E
Q,84,F,0.716142583,0.089008354,0.003020641,low_activity,Q84F
Q,84,G,1.252370455,0.530368681,0.163529494,non-significant,Q84G
Q,84,H,0.881422236,0.151811348,0.630345176,non-significant,Q84H
Q,84,I,0.876374844,0.157101495,0.429824563,non-significant,Q84I
Q,84,K,1.018952623,0.123052935,0.750702396,non-significant,Q84K
Q,84,L,0.792933801,0.164672541,0.026155423,low_activity,Q84L
Q,84,M,1.14364642,0.117410408,0.210978182,non-significant,Q84M
Q,84,N,0.848819187,0.109031514,0.541284601,non-significant,Q84N
Q,84,P,0.777071668,0.262695195,0.024102293,low_activity,Q84P
Q,84,R,0.936231322,0.31646709,0.983752325,non-significant,Q84R
Q,84,S,0.998002694,0.143085797,0.416841138,non-significant,Q84S
Q,84,T,0.839492461,0.084479333,0.123927655,non-significant,Q84T
Q,84,V,0.926598169,0.088448732,0.67006127,non-significant,Q84V
Q,84,W,0.728098596,0.093454947,0.009807229,low_activity,Q84W
Q,84,Y,1.067177252,0.120122184,0.407230831,non-significant,Q84Y
V,85,A,0.668064251,0.148566326,0.002879459,low_activity,V85A
V,85,C,0.697931876,0.06434189,0.000171509,low_activity,V85C
V,85,D,0.716736064,0.189963837,0.00111341,low_activity,V85D
V,85,E,0.720029005,0.105377912,0.002328062,low_activity,V85E
V,85,F,0.646716208,0.119605093,0.010475944,low_activity,V85F
V,85,G,0.626226728,0.100433674,0.002658009,low_activity,V85G
V,85,H,0.639956416,0.133759502,0.027557072,low_activity,V85H
V,85,I,0.915630133,0.098498797,0.735049281,non-significant,V85I
V,85,K,0.730200226,0.2148745,0.116775435,non-significant,V85K
V,85,L,0.568875374,0.081450053,1.09443e-05,low_activity,V85L
V,85,M,0.577429383,0.029857524,0.000208962,low_activity,V85M
V,85,N,0.664423866,0.096650653,1.9227e-05,low_activity,V85N
V,85,P,0.592768386,0.186524218,0.000154534,low_activity,V85P
V,85,Q,0.750467373,0.103037885,0.075516245,non-significant,V85Q
V,85,R,0.95789254,0.272605483,0.474386242,non-significant,V85R
V,85,S,0.680964748,0.162880013,0.000895716,low_activity,V85S
V,85,T,0.696678148,0.184928081,0.095889149,non-significant,V85T
V,85,W,0.481811122,0.071934569,2.64e-09,low_activity,V85W
V,85,Y,0.717098202,0.137826527,0.000753634,low_activity,V85Y
W,86,C,0.672009643,0.263251686,0.000109151,low_activity,W86C
W,86,D,0.608360163,0.138820327,0.000559585,low_activity,W86D
W,86,E,0.599751895,0.225464106,1.55721e-05,low_activity,W86E
W,86,F,0.642313371,0.103514037,0.002305916,low_activity,W86F
W,86,G,0.725159745,0.309750993,0.001784627,low_activity,W86G
W,86,H,0.623445332,0.110578388,1.01785e-05,low_activity,W86H
W,86,I,0.530050058,0.028418372,1.47e-07,low_activity,W86I
W,86,K,0.643217335,0.194970174,0.0025763,low_activity,W86K
W,86,L,0.639776007,0.174384403,5.40565e-05,low_activity,W86L
W,86,M,0.703935558,0.175381713,0.006716652,low_activity,W86M
W,86,N,0.610523502,0.224227555,0.019759359,low_activity,W86N
W,86,P,0.547436892,0.040740909,1.27975e-05,low_activity,W86P
W,86,Q,0.592494146,0.211478952,0.001123511,low_activity,W86Q
W,86,R,0.66274543,0.12707941,0.000232363,low_activity,W86R
W,86,S,0.614974374,0.116467519,6.53e-06,low_activity,W86S
W,86,T,0.592916409,0.336547782,0.000503645,low_activity,W86T
W,86,V,0.665882137,0.178535397,0.000239021,low_activity,W86V
W,86,Y,0.717969614,0.212791232,0.009944638,low_activity,W86Y
F,87,A,0.63126835,0.148510144,0.001904498,low_activity,F87A
F,87,C,0.700808426,0.060365677,0.001327548,low_activity,F87C
F,87,D,0.702859998,0.179902699,0.001659479,low_activity,F87D
F,87,E,0.688270494,0.174324346,0.00041933,low_activity,F87E
F,87,G,0.675293478,0.10981466,0.000279199,low_activity,F87G
F,87,H,0.572774693,0.168183841,2.48e-07,low_activity,F87H
F,87,I,0.610399707,0.075518146,1.02545e-05,low_activity,F87I
F,87,K,0.729316535,0.142215184,0.002913146,low_activity,F87K
F,87,L,0.695376349,0.200287471,0.000317855,low_activity,F87L
F,87,M,1.016432044,0.170878654,0.953183012,non-significant,F87M
F,87,N,0.578445346,0.145248304,8.08112e-05,low_activity,F87N
F,87,P,0.585515461,0.14075057,1.09443e-05,low_activity,F87P
F,87,Q,0.739246806,0.189616619,0.085921752,non-significant,F87Q
F,87,R,0.560775162,0.129553923,1.42946e-05,low_activity,F87R
F,87,S,0.60312478,0.164827787,3.51e-06,low_activity,F87S
F,87,T,0.640712863,0.126747343,0.000262352,low_activity,F87T
F,87,V,0.683779197,0.066851922,0.002850592,low_activity,F87V
F,87,W,0.606423781,0.078314321,2.01858e-05,low_activity,F87W
F,87,Y,0.688098237,0.236471045,0.025482538,low_activity,F87Y
K,88,A,0.535613298,0.10564609,0.000818522,low_activity,K88A
K,88,C,0.678651449,0.222998944,0.015741523,low_activity,K88C
K,88,D,0.645976451,0.326000251,0.000604999,low_activity,K88D
K,88,E,0.695768957,0.134241786,0.000176951,low_activity,K88E
K,88,F,0.703712893,0.175629168,2.26123e-05,low_activity,K88F
K,88,G,0.677966069,0.067049396,0.000374276,low_activity,K88G
K,88,H,0.64158618,0.105173623,5.81721e-05,low_activity,K88H
K,88,I,0.705802643,0.106875076,0.004189033,low_activity,K88I
K,88,L,0.565726339,0.122517434,0.001145496,low_activity,K88L
K,88,M,0.558118683,0.275961484,0.00482868,low_activity,K88M
K,88,N,0.650532534,0.154155472,8.42305e-05,low_activity,K88N
K,88,P,0.593757675,0.038511396,1.61e-06,low_activity,K88P
K,88,Q,0.74668931,0.192050831,0.002056674,low_activity,K88Q
K,88,R,0.531127459,0.146650824,0.003998674,low_activity,K88R
K,88,S,0.622028094,0.073474018,0.00037055,low_activity,K88S
K,88,T,0.701455638,0.109456588,2.69217e-05,low_activity,K88T
K,88,V,0.69559952,0.173131351,0.003081845,low_activity,K88V
K,88,W,0.656291164,0.116052415,0.000331481,low_activity,K88W
K,88,Y,0.688739598,0.225113795,0.000376708,low_activity,K88Y
N,89,A,0.642850586,0.134524577,0.044488373,low_activity,N89A
N,89,C,0.592257248,0.060137665,0.000186007,low_activity,N89C
N,89,D,0.564776357,0.061221471,0.000389654,low_activity,N89D
N,89,E,0.544565575,0.085854792,6.1e-08,low_activity,N89E
N,89,F,0.754348363,0.124172581,0.000380064,low_activity,N89F
N,89,G,0.608428802,0.115446064,0.000111807,low_activity,N89G
N,89,H,0.552975603,0.337680669,0.051368998,non-significant,N89H
N,89,I,0.584434174,0.068520382,1.09621e-05,low_activity,N89I
N,89,K,0.614599684,0.069998188,2.49e-06,low_activity,N89K
N,89,L,0.632793783,0.08084175,0.001918914,low_activity,N89L
N,89,M,0.579224857,0.121024912,0.000385789,low_activity,N89M
N,89,P,0.690812354,0.108267294,0.00024124,low_activity,N89P
N,89,Q,0.658354275,0.056954664,1.27487e-05,low_activity,N89Q
N,89,S,0.562829016,0.217689117,0.000311149,low_activity,N89S
N,89,T,0.921370423,0.361609515,0.493008439,non-significant,N89T
N,89,V,0.577483246,0.099449457,5.53e-08,low_activity,N89V
N,89,W,0.5650362,0.167505575,4.1e-06,low_activity,N89W
N,89,Y,0.683344753,0.273532666,3.71559e-05,low_activity,N89Y
R,90,A,0.711206515,0.184914433,0.008619879,low_activity,R90A
R,90,C,0.648265262,0.086548694,0.067881494,non-significant,R90C
R,90,D,0.600656285,0.192168284,6.34e-06,low_activity,R90D
R,90,E,0.665767053,0.085243326,0.008341166,low_activity,R90E
R,90,F,0.645228401,0.261839955,0.021588552,low_activity,R90F
R,90,G,0.654139733,0.14737859,0.005218458,low_activity,R90G
R,90,H,0.817465167,0.225013459,0.187261153,non-significant,R90H
R,90,I,0.648590522,0.185421532,1.23184e-05,low_activity,R90I
R,90,K,0.962921886,0.136798978,0.640807569,non-significant,R90K
R,90,L,0.665104855,0.218015594,0.010562476,low_activity,R90L
R,90,M,0.662875178,0.184497702,1.25119e-05,low_activity,R90M
R,90,N,0.705132167,0.081665139,0.056553751,non-significant,R90N
R,90,P,0.564928115,0.079698873,0.03744881,low_activity,R90P
R,90,Q,0.696116403,0.164187193,0.003152888,low_activity,R90Q
R,90,T,0.582269653,0.203885596,0.006824692,low_activity,R90T
R,90,V,0.697129486,0.138211922,0.001179894,low_activity,R90V
R,90,W,0.650705488,0.1485854,0.00288981,low_activity,R90W
R,90,Y,0.651859564,0.118807508,0.005871558,low_activity,R90Y
R,91,A,0.597925935,0.146716722,3.26583e-05,low_activity,R91A
R,91,C,0.643586487,0.121242235,2.61951e-05,low_activity,R91C
R,91,D,0.606078994,0.148853294,2.58997e-05,low_activity,R91D
R,91,E,0.60798173,0.090367896,0.000474716,low_activity,R91E
R,91,F,0.623498995,0.125836268,0.071091031,non-significant,R91F
R,91,G,0.767268609,0.166166125,0.009217581,low_activity,R91G
R,91,H,0.481556852,0.200338921,4.41458e-05,low_activity,R91H
R,91,I,0.558715726,0.121041195,0.000538711,low_activity,R91I
R,91,K,0.735832164,0.151971629,0.064492324,non-significant,R91K
R,91,L,0.528229638,0.091910188,1.67268e-05,low_activity,R91L
R,91,M,0.627156892,0.141124446,0.000168078,low_activity,R91M
R,91,N,0.618974571,0.176611861,0.007197804,low_activity,R91N
R,91,Q,0.632596995,0.129358924,0.000226181,low_activity,R91Q
R,91,S,0.61398264,0.142804325,4.11e-07,low_activity,R91S
R,91,T,0.654120742,0.240163577,0.00281903,low_activity,R91T
R,91,V,0.658294346,0.129044616,0.000751494,low_activity,R91V
R,91,W,0.609223517,0.101491805,2.05e-06,low_activity,R91W
R,91,Y,0.591628284,0.096230848,1.38488e-05,low_activity,R91Y
A,92,C,0.803659717,0.032408548,0.330728471,non-significant,A92C
A,92,D,0.559922362,0.188956693,0.001946273,low_activity,A92D
A,92,E,0.78687206,0.154990752,0.002692837,low_activity,A92E
A,92,F,0.753543193,0.189694428,0.041989333,low_activity,A92F
A,92,G,0.712607681,0.084983016,0.000528078,low_activity,A92G
A,92,H,0.581723202,0.090801857,0.001498388,low_activity,A92H
A,92,I,0.432999579,0.113578559,0.000527579,low_activity,A92I
A,92,K,0.615239559,0.172397369,0.000411708,low_activity,A92K
A,92,L,0.721626139,0.175578463,0.095306986,non-significant,A92L
A,92,M,0.747002551,0.23804494,0.047616347,low_activity,A92M
A,92,N,0.749125699,0.310516745,0.010561815,low_activity,A92N
A,92,P,0.591298547,0.11658751,8.27e-06,low_activity,A92P
A,92,Q,0.936699999,0.205312877,0.266835506,non-significant,A92Q
A,92,R,0.644048195,0.121978458,0.00937799,low_activity,A92R
A,92,S,0.775441189,0.115689732,0.047874696,low_activity,A92S
A,92,T,0.647777691,0.178450247,0.000632771,low_activity,A92T
A,92,V,0.685692979,0.067114584,0.016111889,low_activity,A92V
A,92,W,0.802772811,0.202422811,0.232779988,non-significant,A92W
A,92,Y,0.869788976,0.334804012,0.351444795,non-significant,A92Y
K,93,A,0.606774534,0.050391419,0.001838811,low_activity,K93A
K,93,C,0.499185341,0.22935963,0.001588418,low_activity,K93C
K,93,D,0.533247073,0.155511334,1.55e-07,low_activity,K93D
K,93,E,0.526660425,0.186525788,5.72e-09,low_activity,K93E
K,93,F,0.533495065,0.176975335,5.88e-08,low_activity,K93F
K,93,G,0.645436305,0.150533571,0.000349282,low_activity,K93G
K,93,H,0.539971879,0.146622802,5.51e-06,low_activity,K93H
K,93,I,0.673915716,0.161758483,0.002418715,low_activity,K93I
K,93,L,0.671510481,0.037058807,0.000485291,low_activity,K93L
K,93,M,0.633753121,0.145922038,4.54369e-05,low_activity,K93M
K,93,N,0.557792599,0.076287106,6.65899e-05,low_activity,K93N
K,93,P,0.6987198,0.320041425,0.004079432,low_activity,K93P
K,93,Q,0.615822534,0.088001298,3.41241e-05,low_activity,K93Q
K,93,R,0.9286271,0.151606599,0.880197346,non-significant,K93R
K,93,S,0.760965965,0.207639474,0.022047031,low_activity,K93S
K,93,T,0.626485674,0.12394083,0.001250239,low_activity,K93T
K,93,V,0.641318972,0.108487223,0.000173775,low_activity,K93V
K,93,W,0.724707182,0.170172937,0.00163914,low_activity,K93W
K,93,Y,0.614594099,0.155749184,1.01918e-05,low_activity,K93Y
C,94,A,0.861107875,0.131361078,0.469010276,non-significant,C94A
C,94,D,1.077183816,0.112853492,0.430591247,non-significant,C94D
C,94,E,1.074401372,0.117367298,0.037824315,high_activity,C94E
C,94,F,1.032291456,0.117753031,0.910233727,non-significant,C94F
C,94,G,0.973211147,0.106794776,0.912480593,non-significant,C94G
C,94,H,0.938180859,0.339191111,0.622304353,non-significant,C94H
C,94,I,0.881348819,0.155135828,0.171891782,non-significant,C94I
C,94,K,0.834117954,0.143557447,0.110231273,non-significant,C94K
C,94,L,1.004961807,0.128204667,0.782919164,non-significant,C94L
C,94,M,1.115180859,0.115865756,0.198316774,non-significant,C94M
C,94,N,0.971400236,0.104232103,0.774397385,non-significant,C94N
C,94,P,0.554995359,0.091607739,4.19802e-05,low_activity,C94P
C,94,Q,1.041042208,0.315434411,0.883207469,non-significant,C94Q
C,94,R,0.68254649,0.317230679,0.091317997,non-significant,C94R
C,94,S,0.742620244,0.12951296,0.050347376,non-significant,C94S
C,94,T,0.87424409,0.062873803,0.148058941,non-significant,C94T
C,94,V,1.147018971,0.203636584,0.09533789,non-significant,C94V
C,94,W,1.133328364,0.095093338,0.45178514,non-significant,C94W
C,94,Y,0.983761793,0.132978403,0.883241444,non-significant,C94Y
R,95,A,0.655060897,0.258020147,0.000989414,low_activity,R95A
R,95,C,0.482613118,0.071797418,0.000473864,low_activity,R95C
R,95,D,0.759041219,0.128639673,0.012789306,low_activity,R95D
R,95,E,0.642916293,0.0862118,2.91e-07,low_activity,R95E
R,95,F,0.603931798,0.209266965,9.41914e-05,low_activity,R95F
R,95,G,0.677216603,0.119896645,0.001954793,low_activity,R95G
R,95,H,0.565286807,0.205838834,0.049819289,low_activity,R95H
R,95,I,0.782255865,0.277963278,0.010561266,low_activity,R95I
R,95,K,1.057070708,0.153502013,0.86759269,non-significant,R95K
R,95,L,0.602333555,0.179785056,3.33592e-05,low_activity,R95L
R,95,M,0.659000367,0.176421231,0.000313745,low_activity,R95M
R,95,N,0.678763812,0.165629107,0.000438233,low_activity,R95N
R,95,P,0.632349914,0.169213516,0.006876814,low_activity,R95P
R,95,Q,0.797086009,0.377495211,0.021953297,low_activity,R95Q
R,95,S,0.807812155,0.169496864,0.009217581,low_activity,R95S
R,95,T,0.6467748,0.180699289,1.01785e-05,low_activity,R95T
R,95,V,0.629822715,0.16400538,0.014895816,low_activity,R95V
R,95,W,0.550321254,0.112577947,9.19e-07,low_activity,R95W
R,95,Y,0.695593829,0.079210011,0.001503389,low_activity,R95Y
Q,96,A,1.019398892,0.223797257,0.430296643,non-significant,Q96A
Q,96,C,1.044964903,0.140246892,0.690418647,non-significant,Q96C
Q,96,D,0.879631522,0.071206549,0.013189845,low_activity,Q96D
Q,96,E,0.823910791,0.143641144,0.03014834,low_activity,Q96E
Q,96,F,0.909055717,0.210027473,0.594551781,non-significant,Q96F
Q,96,G,0.954927004,0.101266196,0.644753458,non-significant,Q96G
Q,96,H,1.171751689,0.159592662,0.328505361,non-significant,Q96H
Q,96,I,0.966644644,0.222027585,0.983303681,non-significant,Q96I
Q,96,K,0.703674063,0.426952221,0.184616716,non-significant,Q96K
Q,96,L,0.99660184,0.198028866,0.491651102,non-significant,Q96L
Q,96,M,1.097763518,0.068702962,0.123315593,non-significant,Q96M
Q,96,N,0.993854672,0.208520527,0.950077738,non-significant,Q96N
Q,96,P,0.802029969,0.182035674,0.027073543,low_activity,Q96P
Q,96,R,1.125603858,0.131271993,0.424147561,non-significant,Q96R
Q,96,S,1.055672019,0.298756583,0.903213648,non-significant,Q96S
Q,96,T,0.923364656,0.318231828,0.360679625,non-significant,Q96T
Q,96,V,0.97370612,0.282974902,0.674150892,non-significant,Q96V
Q,96,W,1.064904337,0.133488979,0.648341571,non-significant,Q96W
Q,96,Y,1.005274492,0.142949677,0.711260186,non-significant,Q96Y
Q,97,A,0.767191445,0.080233901,0.015669565,low_activity,Q97A
Q,97,C,0.85202101,0.150036741,0.454455284,non-significant,Q97C
Q,97,D,0.84584833,0.162796245,0.200999398,non-significant,Q97D
Q,97,E,0.849626484,0.382237172,0.266015297,non-significant,Q97E
Q,97,G,0.889073239,0.113162202,0.146637184,non-significant,Q97G
Q,97,H,0.868815522,0.177004765,0.268676967,non-significant,Q97H
Q,97,I,1.083156668,0.142492834,0.521963812,non-significant,Q97I
Q,97,K,0.995778633,0.164536573,0.442490773,non-significant,Q97K
Q,97,M,1.03903541,0.096867333,0.635906318,non-significant,Q97M
Q,97,N,0.914441024,0.194923006,0.174024614,non-significant,Q97N
Q,97,P,0.797211222,0.083091893,0.169226472,non-significant,Q97P
Q,97,R,0.8070743,0.136257789,0.351645855,non-significant,Q97R
Q,97,S,1.05691014,0.161445138,0.677461389,non-significant,Q97S
Q,97,T,0.961204488,0.183560386,0.851614784,non-significant,Q97T
Q,97,V,0.903218904,0.191543379,0.211589147,non-significant,Q97V
Q,97,W,0.931622766,0.226980093,0.230021779,non-significant,Q97W
Q,97,Y,0.823288566,0.239475413,0.715503115,non-significant,Q97Y
R,98,A,1.191723642,0.156347269,0.146148285,non-significant,R98A
R,98,C,1.052865046,0.155265238,0.386893077,non-significant,R98C
R,98,D,1.039829501,0.104214949,0.129140877,non-significant,R98D
R,98,E,1.006889253,0.236612452,0.958831219,non-significant,R98E
R,98,F,1.338923409,0.240398074,0.057807051,non-significant,R98F
R,98,G,1.140952345,0.238908989,0.261929741,non-significant,R98G
R,98,H,1.023046632,0.159022626,0.868919087,non-significant,R98H
R,98,I,1.124317053,0.167480598,0.439678874,non-significant,R98I
R,98,K,0.971586467,0.389630301,0.528743455,non-significant,R98K
R,98,M,1.157355133,0.116457143,0.153294028,non-significant,R98M
R,98,N,1.029692304,0.141593581,0.426436375,non-significant,R98N
R,98,P,0.908781057,0.253951698,0.752756377,non-significant,R98P
R,98,Q,1.004658203,0.066103189,0.70641693,non-significant,R98Q
R,98,S,0.990148641,0.222422362,0.812871613,non-significant,R98S
R,98,T,0.915904319,0.166103347,0.691317422,non-significant,R98T
R,98,V,0.980053218,0.127261828,0.996568841,non-significant,R98V
R,98,W,1.234620705,0.165554346,0.094861743,non-significant,R98W
R,98,Y,1.1394584,0.258148012,0.673421288,non-significant,R98Y
Q,99,A,1.084597671,0.048077312,0.432893437,non-significant,Q99A
Q,99,C,1.09709114,0.104078539,0.069179513,non-significant,Q99C
Q,99,D,1.005471347,0.339848027,0.500791605,non-significant,Q99D
Q,99,E,1.103138681,0.164840426,0.327772213,non-significant,Q99E
Q,99,F,1.017390744,0.278203557,0.84586176,non-significant,Q99F
Q,99,G,1.080945421,0.211916026,0.8976783,non-significant,Q99G
Q,99,H,0.876069469,0.084940952,0.313423495,non-significant,Q99H
Q,99,K,0.831017219,0.093901922,0.552789184,non-significant,Q99K
Q,99,L,0.945534468,0.094132363,0.747557766,non-significant,Q99L
Q,99,M,0.859350039,0.06237139,0.369091914,non-significant,Q99M
Q,99,N,1.079680312,0.397521202,0.851175395,non-significant,Q99N
Q,99,P,0.778634482,0.112760155,0.02516947,low_activity,Q99P
Q,99,R,0.994135684,0.165583758,0.668746779,non-significant,Q99R
Q,99,S,0.856468774,0.214409835,0.640822904,non-significant,Q99S
Q,99,T,1.154405828,0.40014723,0.676808757,non-significant,Q99T
Q,99,V,1.03614735,0.116532262,0.990003642,non-significant,Q99V
Q,99,W,0.918494422,0.345334717,0.333018773,non-significant,Q99W
Q,99,Y,0.831089704,0.097351753,0.306575012,non-significant,Q99Y
Q,100,A,0.90352106,0.280026807,0.83509188,non-significant,Q100A
Q,100,C,0.883632993,0.16306043,0.200789511,non-significant,Q100C
Q,100,D,0.947257862,0.311410921,0.934098376,non-significant,Q100D
Q,100,E,0.852755008,0.213093632,0.207001026,non-significant,Q100E
Q,100,F,0.50820673,0.153114323,0.000133809,low_activity,Q100F
Q,100,G,0.828815963,0.197716591,0.037227231,low_activity,Q100G
Q,100,H,0.889590312,0.182863262,0.537188115,non-significant,Q100H
Q,100,I,0.926636733,0.098141603,0.794388574,non-significant,Q100I
Q,100,K,0.948837213,0.246902617,0.646470535,non-significant,Q100K
Q,100,M,1.003175623,0.188336058,0.370598189,non-significant,Q100M
Q,100,N,0.950226957,0.079952488,0.304549409,non-significant,Q100N
Q,100,P,0.877350015,0.188002066,0.702804125,non-significant,Q100P
Q,100,R,0.875202143,0.074158394,0.160586332,non-significant,Q100R
Q,100,S,0.998330571,0.030927922,0.395687407,non-significant,Q100S
Q,100,T,1.023863192,0.214897793,0.89598387,non-significant,Q100T
Q,100,V,0.888822453,0.197407256,0.653861005,non-significant,Q100V
Q,100,W,0.910823847,0.057558481,0.742666291,non-significant,Q100W
Q,100,Y,0.962368994,0.190591623,0.753792319,non-significant,Q100Y
Q,101,A,1.082948326,0.392310151,0.98429598,non-significant,Q101A
Q,101,C,1.043518694,0.128832644,0.690328708,non-significant,Q101C
Q,101,D,0.731690488,0.07991321,0.001327548,low_activity,Q101D
Q,101,E,1.15242257,0.081699644,0.260504949,non-significant,Q101E
Q,101,F,0.756287703,0.123785967,0.085556678,non-significant,Q101F
Q,101,G,0.88625808,0.13053958,0.239028092,non-significant,Q101G
Q,101,H,0.927672502,0.248474257,0.909626023,non-significant,Q101H
Q,101,I,0.59395622,0.044411089,0.002799157,low_activity,Q101I
Q,101,K,0.707026415,0.171134565,0.076721367,non-significant,Q101K
Q,101,L,0.80418072,0.078351682,0.056700308,non-significant,Q101L
Q,101,M,1.105640422,0.139234384,0.424147561,non-significant,Q101M
Q,101,N,0.92280451,0.203505011,0.157569145,non-significant,Q101N
Q,101,P,0.803427959,0.374479512,0.145776558,non-significant,Q101P
Q,101,R,0.840054104,0.064208384,0.260822296,non-significant,Q101R
Q,101,S,0.749267098,0.217119639,0.231276828,non-significant,Q101S
Q,101,T,1.072426774,0.144405095,0.921288764,non-significant,Q101T
Q,101,V,0.874188202,0.118036613,0.074731651,non-significant,Q101V
Q,101,W,1.104559596,0.10774972,0.297684807,non-significant,Q101W
Q,101,Y,1.00558573,0.167300914,0.545459661,non-significant,Q101Y
K,102,A,0.975089712,0.242511873,0.925354628,non-significant,K102A
K,102,C,1.073749876,0.197605875,0.327512899,non-significant,K102C
K,102,D,1.114397266,0.13430863,0.123729433,non-significant,K102D
K,102,E,1.222387349,0.187458967,0.316467186,non-significant,K102E
K,102,F,1.537583713,0.266531879,4.51465e-05,high_activity,K102F
K,102,G,1.249936589,0.391523625,0.263715286,non-significant,K102G
K,102,H,1.358053439,0.151161858,0.083543516,non-significant,K102H
K,102,I,1.350650311,0.291553277,0.012192469,high_activity,K102I
K,102,L,1.069074868,0.154595997,0.515451731,non-significant,K102L
K,102,M,1.133117037,0.151278329,0.063324661,non-significant,K102M
K,102,N,1.117324894,0.150697647,0.839027348,non-significant,K102N
K,102,P,0.956157239,0.137227446,0.306508711,non-significant,K102P
K,102,Q,1.226774649,0.238321217,0.097735762,non-significant,K102Q
K,102,R,0.93959829,0.115999205,0.79844675,non-significant,K102R
K,102,T,1.05697118,0.285151757,0.312041657,non-significant,K102T
K,102,V,1.094263736,0.26515958,0.9820695,non-significant,K102V
K,102,W,1.437075516,0.3193654,0.000789816,high_activity,K102W
K,102,Y,1.23287849,0.364373333,0.21647109,non-significant,K102Y
Q,103,A,0.940522671,0.237271885,0.816489026,non-significant,Q103A
Q,103,C,1.070031161,0.219514382,0.837412547,non-significant,Q103C
Q,103,D,1.010387271,0.222394696,0.763086542,non-significant,Q103D
Q,103,E,1.082002131,0.064499394,0.339416567,non-significant,Q103E
Q,103,G,0.999977071,0.262422462,0.857466508,non-significant,Q103G
Q,103,H,0.91243508,0.093656332,0.307410011,non-significant,Q103H
Q,103,I,1.013530355,0.284700267,0.716241227,non-significant,Q103I
Q,103,K,0.897592302,0.238953986,0.968188704,non-significant,Q103K
Q,103,L,0.987810092,0.248362847,0.909626023,non-significant,Q103L
Q,103,M,1.011724989,0.137820711,0.496536661,non-significant,Q103M
Q,103,N,0.900855321,0.160753186,0.717538054,non-significant,Q103N
Q,103,R,0.650971743,0.224758152,0.000280699,low_activity,Q103R
Q,103,S,0.992241127,0.105457512,0.971164037,non-significant,Q103S
Q,103,T,1.226873429,0.806789832,0.260822296,non-significant,Q103T
Q,103,V,0.990173518,0.172803546,0.974746622,non-significant,Q103V
Q,103,W,1.143310673,0.294306287,0.043759016,high_activity,Q103W
Q,103,Y,0.993191928,0.151701687,0.59994514,non-significant,Q103Y
Q,104,A,1.056720841,0.362882596,0.829788364,non-significant,Q104A
Q,104,C,0.928095252,0.098789427,0.84154084,non-significant,Q104C
Q,104,D,1.009119316,0.157109313,0.786684653,non-significant,Q104D
Q,104,E,1.052134223,0.170438133,0.583199848,non-significant,Q104E
Q,104,F,0.987629915,0.312853933,0.819378524,non-significant,Q104F
Q,104,G,1.053328679,0.119352964,0.834422458,non-significant,Q104G
Q,104,H,0.909133546,0.203558111,0.48225761,non-significant,Q104H
Q,104,I,1.008632302,0.099220859,0.823663549,non-significant,Q104I
Q,104,L,1.091566143,0.277246211,0.403053869,non-significant,Q104L
Q,104,M,0.932828393,0.217295558,0.629635209,non-significant,Q104M
Q,104,N,0.91407109,0.364536718,0.503590936,non-significant,Q104N
Q,104,P,1.017013735,0.199433942,0.814943739,non-significant,Q104P
Q,104,R,0.696178619,0.102144781,0.036740393,low_activity,Q104R
Q,104,S,0.855258505,0.277611661,0.20206892,non-significant,Q104S
Q,104,T,0.890981963,0.35897175,0.739573181,non-significant,Q104T
Q,104,V,0.915471803,0.106110618,0.754572222,non-significant,Q104V
Q,104,W,1.153910233,0.152970325,0.154781427,non-significant,Q104W
Q,104,Y,0.963856285,0.178769299,0.823467692,non-significant,Q104Y
Q,105,A,0.948217897,0.334098648,0.56783814,non-significant,Q105A
Q,105,C,0.84329583,0.161967565,0.135165468,non-significant,Q105C
Q,105,D,1.112310555,0.221253687,0.230828688,non-significant,Q105D
Q,105,E,1.043054404,0.326826397,0.979091787,non-significant,Q105E
Q,105,F,1.095496412,0.409386054,0.944681762,non-significant,Q105F
Q,105,G,0.93688902,0.217719203,0.825434928,non-significant,Q105G
Q,105,H,0.867254357,0.141837461,0.250104049,non-significant,Q105H
Q,105,I,1.114634515,0.110602433,0.770785314,non-significant,Q105I
Q,105,K,0.874293585,0.161484082,0.144084931,non-significant,Q105K
Q,105,M,1.013260744,0.219903643,0.83427519,non-significant,Q105M
Q,105,N,1.139907683,0.132890301,0.361187097,non-significant,Q105N
Q,105,P,1.099100028,0.204250671,0.363340183,non-significant,Q105P
Q,105,R,0.754462302,0.088924832,0.153580383,non-significant,Q105R
Q,105,S,0.983337053,0.156651981,0.972921312,non-significant,Q105S
Q,105,T,1.132642446,0.333030371,0.235409483,non-significant,Q105T
Q,105,V,1.016760184,0.115932466,0.912886062,non-significant,Q105V
Q,105,W,1.031382312,0.152024959,0.567422505,non-significant,Q105W
Q,105,Y,1.184081054,0.209424408,0.35700975,non-significant,Q105Y
Q,106,A,0.992484154,0.144580833,0.806521108,non-significant,Q106A
Q,106,C,0.988942939,0.168067174,0.803300338,non-significant,Q106C
Q,106,D,1.120863697,0.381348719,0.229504131,non-significant,Q106D
Q,106,E,1.086842257,0.166538369,0.583870728,non-significant,Q106E
Q,106,F,0.95487038,0.239383181,0.340032537,non-significant,Q106F
Q,106,G,1.125546863,0.174384565,0.656426083,non-significant,Q106G
Q,106,H,0.982868738,0.214427834,0.953183012,non-significant,Q106H
Q,106,I,1.23605185,0.145565294,0.168975926,non-significant,Q106I
Q,106,K,0.810647621,0.198476443,0.051893783,non-significant,Q106K
Q,106,L,0.594097737,0.192813225,0.07631392,non-significant,Q106L
Q,106,M,0.927621548,0.038966614,0.912480593,non-significant,Q106M
Q,106,N,0.924551358,0.105055295,0.449106701,non-significant,Q106N
Q,106,P,1.069618231,0.334252763,0.947837329,non-significant,Q106P
Q,106,R,0.890512494,0.200120462,0.366862457,non-significant,Q106R
Q,106,S,1.148238907,0.274645571,0.11312377,non-significant,Q106S
Q,106,T,1.159753459,0.269246682,0.437760616,non-significant,Q106T
Q,106,V,0.95453541,0.178549477,0.968993058,non-significant,Q106V
Q,106,W,1.007862213,0.247029628,0.986072089,non-significant,Q106W
Q,106,Y,0.848944198,0.075296672,0.461755351,non-significant,Q106Y
P,107,A,1.026798372,0.182404017,0.829415842,non-significant,P107A
P,107,C,1.046941361,0.163040278,0.829415842,non-significant,P107C
P,107,D,1.093714991,0.029866244,0.262018002,non-significant,P107D
P,107,E,1.009904748,0.279096086,0.571130636,non-significant,P107E
P,107,F,1.108085636,0.090595116,0.321784584,non-significant,P107F
P,107,G,0.927881811,0.154741861,0.873464193,non-significant,P107G
P,107,H,1.025783171,0.10461509,0.366537847,non-significant,P107H
P,107,I,1.028189887,0.383717226,0.546736935,non-significant,P107I
P,107,K,1.035444381,0.40143621,0.901950584,non-significant,P107K
P,107,L,0.956458589,0.339654535,0.989631045,non-significant,P107L
P,107,M,0.993118345,0.183060177,0.726073386,non-significant,P107M
P,107,N,1.02908047,0.297914308,0.787120125,non-significant,P107N
P,107,Q,0.941911,0.291190372,0.518634217,non-significant,P107Q
P,107,R,0.718327299,0.242670972,0.066343279,non-significant,P107R
P,107,S,0.972478117,0.091280414,0.923335954,non-significant,P107S
P,107,T,0.979973851,0.071855828,0.677611341,non-significant,P107T
P,107,V,1.104133667,0.1704885,0.221728783,non-significant,P107V
P,107,W,0.908817279,0.496274496,0.330194726,non-significant,P107W
P,107,Y,1.105556317,0.265159495,0.198179786,non-significant,P107Y
P,108,A,1.088842432,0.317216609,0.416203658,non-significant,P108A
P,108,C,0.914297683,0.100720673,0.449268058,non-significant,P108C
P,108,D,1.035369467,0.100212548,0.20895943,non-significant,P108D
P,108,E,1.175861607,0.135471508,0.098142608,non-significant,P108E
P,108,F,1.099097129,0.208685895,0.462092528,non-significant,P108F
P,108,G,1.002836094,0.197723701,0.880020068,non-significant,P108G
P,108,H,0.974417856,0.393706428,0.901041384,non-significant,P108H
P,108,I,0.968088572,0.205246049,0.776592998,non-significant,P108I
P,108,K,0.686601949,0.038862585,0.007001321,low_activity,P108K
P,108,L,1.10018329,0.172102914,0.333127657,non-significant,P108L
P,108,M,0.752527005,0.190867142,0.265112776,non-significant,P108M
P,108,N,1.010715761,0.121638896,0.636636496,non-significant,P108N
P,108,R,0.77703868,0.051282244,0.112004643,non-significant,P108R
P,108,S,0.854882071,0.367689525,0.810685254,non-significant,P108S
P,108,T,0.967948501,0.284981058,0.883241444,non-significant,P108T
P,108,W,1.090301426,0.197352587,0.549708717,non-significant,P108W
P,108,Y,1.102676831,0.065592599,0.253115582,non-significant,P108Y
G,109,A,0.872785446,0.250155479,0.766645199,non-significant,G109A
G,109,C,1.177105381,0.364569922,0.830699628,non-significant,G109C
G,109,D,0.831460461,0.172872682,0.452346985,non-significant,G109D
G,109,E,1.172183555,0.163006364,0.301252715,non-significant,G109E
G,109,F,1.049748689,0.366399324,0.898659617,non-significant,G109F
G,109,H,0.906754447,0.107879758,0.648036471,non-significant,G109H
G,109,I,1.062005549,0.451545578,0.791318899,non-significant,G109I
G,109,K,0.819535923,0.228546725,0.370410271,non-significant,G109K
G,109,L,1.118731772,0.150020503,0.200653653,non-significant,G109L
G,109,M,1.27491388,0.310537318,0.225412576,non-significant,G109M
G,109,N,0.929555101,0.080280952,0.777749014,non-significant,G109N
G,109,P,0.840179302,0.176285649,0.63120742,non-significant,G109P
G,109,Q,0.853674661,0.246791555,0.725322703,non-significant,G109Q
G,109,R,0.742821901,0.165728126,0.428594102,non-significant,G109R
G,109,S,1.056886387,0.07787247,0.575846309,non-significant,G109S
G,109,T,1.151477746,0.117992011,0.070405696,non-significant,G109T
G,109,V,1.089717347,0.184905226,0.570195684,non-significant,G109V
G,109,W,1.174216146,0.22357405,0.436269683,non-significant,G109W
G,109,Y,1.101358802,0.21622688,0.764063036,non-significant,G109Y
G,110,A,1.067040237,0.159869244,0.749031555,non-significant,G110A
G,110,C,0.911373746,0.152098711,0.503590936,non-significant,G110C
G,110,D,1.104405116,0.240470556,0.474026149,non-significant,G110D
G,110,E,1.139954504,0.174554724,0.282467353,non-significant,G110E
G,110,F,1.335371182,0.273517343,0.028587759,high_activity,G110F
G,110,H,0.913661338,0.14790648,0.798747027,non-significant,G110H
G,110,I,0.912639552,0.032472091,0.31572321,non-significant,G110I
G,110,K,0.79704295,0.094975032,0.153294028,non-significant,G110K
G,110,M,1.221271746,0.044496122,0.07825678,non-significant,G110M
G,110,N,1.163191388,0.197372101,0.321621064,non-significant,G110N
G,110,R,0.910755505,0.141204096,0.51524959,non-significant,G110R
G,110,S,1.009129019,0.162854227,0.883241444,non-significant,G110S
G,110,T,1.133592089,0.158104774,0.737312415,non-significant,G110T
G,110,V,1.285562252,0.407831088,0.014320332,high_activity,G110V
G,110,W,1.131903135,0.357418948,0.569931822,non-significant,G110W
G,110,Y,1.101474556,0.313742443,0.569602576,non-significant,G110Y
Q,111,E,0.909106715,0.067053343,0.563289385,non-significant,Q111E
Q,111,G,1.029689836,0.254794315,0.783406355,non-significant,Q111G
Q,111,H,1.18181271,0.192660481,0.408420285,non-significant,Q111H
Q,111,K,0.961652093,0.261418342,0.495800114,non-significant,Q111K
Q,111,N,1.132007144,0.242076765,0.462553972,non-significant,Q111N
Q,111,P,1.173436467,0.328333762,0.385384244,non-significant,Q111P
Q,111,R,0.88460384,0.162579019,0.532737833,non-significant,Q111R
Q,111,V,0.843127244,0.342809937,0.498652613,non-significant,Q111V
Q,111,Y,0.865992885,0.124452623,0.791318899,non-significant,Q111Y
A,112,G,1.141625887,0.238976317,0.458086618,non-significant,A112G
K,113,A,1.372669233,0.060139993,0.001723837,high_activity,K113A
A,114,C,1.015296053,0.125590245,0.831213206,non-significant,A114C
A,114,D,1.084887081,0.239307583,0.319769588,non-significant,A114D
A,114,E,1.081252347,0.110292797,0.783406355,non-significant,A114E
A,114,F,1.091940901,0.156251645,0.891759807,non-significant,A114F
A,114,G,1.180859265,0.183911977,0.154953817,non-significant,A114G
A,114,H,1.184755,0.14266898,0.099379968,non-significant,A114H
A,114,I,0.980965459,0.184054684,0.930648428,non-significant,A114I
A,114,K,0.818420198,0.115998297,0.105116552,non-significant,A114K
A,114,L,0.842481948,0.173351703,0.120130859,non-significant,A114L
A,114,M,0.902273416,0.248919084,0.548899854,non-significant,A114M
A,114,N,1.06251876,0.224577989,0.630345176,non-significant,A114N
A,114,P,0.965415933,0.176850283,0.651520221,non-significant,A114P
A,114,Q,1.101176429,0.117770855,0.519192079,non-significant,A114Q
A,114,S,1.142670061,0.236334506,0.487599947,non-significant,A114S
A,114,T,1.18853212,0.122448057,0.177584169,non-significant,A114T
A,114,V,0.990380764,0.201989452,0.837014058,non-significant,A114V
A,114,W,1.257122645,0.283382551,0.270601277,non-significant,A114W
A,114,Y,0.920918619,0.126219233,0.7001583,non-significant,A114Y
R,115,A,1.355785426,0.301764865,0.009364192,high_activity,R115A
R,115,D,1.333287268,0.06939835,5.66523e-05,high_activity,R115D
R,115,E,1.183844306,0.034767762,0.340032537,non-significant,R115E
R,115,F,1.265431245,0.039621901,0.009767294,high_activity,R115F
R,115,G,1.211824598,0.235180562,0.259211106,non-significant,R115G
R,115,H,1.029867708,0.131976174,0.869756802,non-significant,R115H
R,115,I,1.323618248,0.063241501,0.002999222,high_activity,R115I
R,115,K,1.022527985,0.285479393,0.453215682,non-significant,R115K
R,115,L,1.172316729,0.071928494,0.176812912,non-significant,R115L
R,115,M,1.276834348,0.100067479,0.004706203,high_activity,R115M
R,115,N,1.104418225,0.284078888,0.680530176,non-significant,R115N
R,115,P,1.270593528,0.347794288,0.009390427,high_activity,R115P
R,115,Q,1.177549101,0.195125912,0.682795706,non-significant,R115Q
R,115,S,1.2584412,0.11955495,0.019886668,high_activity,R115S
R,115,T,1.219750369,0.037899083,0.07356679,non-significant,R115T
R,115,V,1.20268805,0.169459166,0.035247514,high_activity,R115V
R,115,Y,1.434878227,0.41099664,0.25356327,non-significant,R115Y
P,116,C,1.020038454,0.178940531,0.701278001,non-significant,P116C
P,116,E,1.308548385,0.382986016,0.030886914,high_activity,P116E
P,116,G,1.050755176,0.380043535,0.766333766,non-significant,P116G
P,116,I,1.116002481,0.299404985,0.26209303,non-significant,P116I
P,116,K,0.831772077,0.081403231,0.302318634,non-significant,P116K
P,116,M,1.077520888,0.157421258,0.984117678,non-significant,P116M
P,116,N,1.141962602,0.435073068,0.669663943,non-significant,P116N
P,116,S,0.918339968,0.210231134,0.872431624,non-significant,P116S
P,116,T,1.022993431,0.199196539,0.641757618,non-significant,P116T
P,116,Y,1.132148519,0.178075741,0.614846717,non-significant,P116Y
A,117,C,1.099199449,0.38901602,0.764187138,non-significant,A117C
A,117,D,1.328456023,0.209315845,0.007017826,high_activity,A117D
A,117,E,1.080302093,0.244095635,0.914528436,non-significant,A117E
A,117,F,0.784071123,0.165465255,0.567590027,non-significant,A117F
A,117,G,0.864815152,0.167972456,0.251744093,non-significant,A117G
A,117,H,1.009560345,0.294798943,0.63950793,non-significant,A117H
A,117,I,1.239661209,0.127739102,0.03603844,high_activity,A117I
A,117,K,0.878175498,0.261826977,0.019427244,low_activity,A117K
A,117,L,0.956784024,0.163268855,0.545611363,non-significant,A117L
A,117,M,1.007217968,0.22987936,0.791318899,non-significant,A117M
A,117,N,1.217461906,0.175505339,0.067693958,non-significant,A117N
A,117,P,1.041955006,0.111672803,0.784623413,non-significant,A117P
A,117,Q,1.180780176,0.140327294,0.225412576,non-significant,A117Q
A,117,R,0.760662578,0.094456043,0.03654162,low_activity,A117R
A,117,S,0.942461113,0.278428726,0.202042012,non-significant,A117S
A,117,T,1.065671184,0.269641378,0.810367703,non-significant,A117T
A,117,V,0.871226746,0.191843036,0.364153021,non-significant,A117V
K,118,A,1.061307768,0.270882142,0.408519341,non-significant,K118A
K,118,C,1.27647499,0.114211766,0.027945672,high_activity,K118C
K,118,D,1.163412539,0.111891867,0.14507482,non-significant,K118D
K,118,E,1.372138427,0.29124531,0.000782071,high_activity,K118E
K,118,G,1.327482834,0.332656539,0.013567291,high_activity,K118G
K,118,H,1.129254282,0.023377484,0.04611716,high_activity,K118H
K,118,I,1.291799152,0.264660474,0.021588552,high_activity,K118I
K,118,L,1.217648062,0.15782887,0.02394939,high_activity,K118L
K,118,M,1.504916861,0.272409019,2.77929e-05,high_activity,K118M
K,118,N,1.112553801,0.354674102,0.775607342,non-significant,K118N
K,118,P,1.343222384,0.185901973,0.009564268,high_activity,K118P
K,118,Q,1.259085795,0.070741884,0.059890796,non-significant,K118Q
K,118,R,1.207467512,0.195200027,0.241482473,non-significant,K118R
K,118,S,1.368636346,0.087330483,1.9227e-05,high_activity,K118S
K,118,T,1.294471247,0.156868926,0.077190988,non-significant,K118T
K,118,V,1.20025137,0.258447029,0.040222132,high_activity,K118V
K,118,W,1.281041867,0.111974098,0.130605926,non-significant,K118W
K,118,Y,1.157734989,0.242595555,0.763113477,non-significant,K118Y
R,119,A,1.186640472,0.288185711,0.796075956,non-significant,R119A
R,119,C,1.348663688,0.22291041,0.012155439,high_activity,R119C
R,119,D,1.387962879,0.19953735,4.42993e-05,high_activity,R119D
R,119,E,1.247409153,0.228819599,0.043043784,high_activity,R119E
R,119,F,1.071900061,0.156538797,0.771533146,non-significant,R119F
R,119,G,1.233365703,0.115332982,0.018279085,high_activity,R119G
R,119,H,1.164576502,0.081190847,0.019314397,high_activity,R119H
R,119,I,0.988952604,0.135079619,0.870896681,non-significant,R119I
R,119,K,0.988320635,0.348348169,0.997126071,non-significant,R119K
R,119,L,1.193829208,0.339428347,0.045639237,high_activity,R119L
R,119,M,1.087332698,0.025321365,0.666555477,non-significant,R119M
R,119,N,1.116153667,0.156170091,0.141257262,non-significant,R119N
R,119,P,1.052074939,0.250908265,0.459505089,non-significant,R119P
R,119,Q,1.164623619,0.131639328,0.493041097,non-significant,R119Q
R,119,S,1.108143009,0.212554993,0.405293181,non-significant,R119S
R,119,T,1.249670392,0.342085566,0.046478856,high_activity,R119T
R,119,V,1.114507703,0.100094367,0.08184754,non-significant,R119V
R,119,W,1.245346274,0.242996121,0.033654288,high_activity,R119W
R,119,Y,0.886223627,0.368453329,0.627458794,non-significant,R119Y
K,120,A,1.253616061,0.189071655,0.156433706,non-significant,K120A
K,120,C,1.595105062,0.312245635,0.000265143,high_activity,K120C
K,120,D,1.317622447,0.173850455,4.45e-06,high_activity,K120D
K,120,E,1.125054117,0.401969709,0.321517291,non-significant,K120E
K,120,F,1.17792502,0.153477932,0.087361066,non-significant,K120F
K,120,G,1.116760804,0.238306727,0.769330516,non-significant,K120G
K,120,H,1.262548605,0.111852907,0.002615679,high_activity,K120H
K,120,I,1.155838291,0.149079252,0.142321732,non-significant,K120I
K,120,M,1.32877333,0.06598537,0.036589586,high_activity,K120M
K,120,N,1.151433719,0.273979912,0.055432137,non-significant,K120N
K,120,P,1.234895347,0.309625537,0.292237815,non-significant,K120P
K,120,R,1.142175894,0.106767989,0.407741481,non-significant,K120R
K,120,S,1.038663351,0.076571297,0.847077592,non-significant,K120S
K,120,T,1.360707158,0.09609201,0.000812733,high_activity,K120T
K,120,V,1.23373862,0.230978988,0.523533277,non-significant,K120V
K,120,W,1.337193833,0.307437702,0.002640179,high_activity,K120W
K,120,Y,1.310140466,0.139973817,0.00816827,high_activity,K120Y
A,121,C,1.148138832,0.18298676,0.391819439,non-significant,A121C
A,121,D,1.075626105,0.077122956,0.306508711,non-significant,A121D
A,121,E,1.268615727,0.362584431,0.24015274,non-significant,A121E
A,121,F,0.978428489,0.240948368,0.669180734,non-significant,A121F
A,121,G,1.048196886,0.04320481,0.397901215,non-significant,A121G
A,121,H,1.010209,0.179308911,0.435226662,non-significant,A121H
A,121,I,0.990181834,0.254360268,0.995478031,non-significant,A121I
A,121,K,1.091928073,0.441240182,0.868919087,non-significant,A121K
A,121,L,0.95257188,0.138666943,0.662414055,non-significant,A121L
A,121,M,1.117390216,0.299670132,0.800816872,non-significant,A121M
A,121,N,0.907329798,0.142090266,0.799203594,non-significant,A121N
A,121,P,0.854400215,0.159953156,0.416841138,non-significant,A121P
A,121,R,0.837974261,0.164404988,0.22277545,non-significant,A121R
A,121,S,0.928606209,0.226565545,0.358397034,non-significant,A121S
A,121,T,0.995304797,0.314623491,0.986202501,non-significant,A121T
A,121,V,0.93106914,0.124566264,0.814998979,non-significant,A121V
A,121,W,0.959127468,0.217971166,0.694525853,non-significant,A121W
A,121,Y,1.000191517,0.29098784,0.792830408,non-significant,A121Y
G,122,A,1.10538308,0.234683421,0.292555542,non-significant,G122A
G,122,C,0.953523254,0.211125682,0.666233452,non-significant,G122C
G,122,D,1.18933775,0.190224473,0.076178892,non-significant,G122D
G,122,E,1.273447899,0.23885046,0.000339877,high_activity,G122E
G,122,F,0.944459566,0.222881303,0.709264798,non-significant,G122F
G,122,H,0.835263458,0.251503476,0.21074818,non-significant,G122H
G,122,I,0.737695872,0.278213077,0.088920478,non-significant,G122I
G,122,K,0.845989948,0.100431471,0.521054423,non-significant,G122K
G,122,L,0.9163781,0.140120269,0.474295318,non-significant,G122L
G,122,M,0.907256261,0.060371952,0.35307589,non-significant,G122M
G,122,N,0.873403825,0.238028195,0.338962492,non-significant,G122N
G,122,P,0.941960179,0.218866485,0.749031555,non-significant,G122P
G,122,Q,1.066243244,0.282286084,0.958831219,non-significant,G122Q
G,122,R,0.9415022,0.265187121,0.266120855,non-significant,G122R
G,122,S,0.891749811,0.139572076,0.406212004,non-significant,G122S
G,122,T,1.135147393,0.148073441,0.191578001,non-significant,G122T
G,122,V,1.157798734,0.17158308,0.125150882,non-significant,G122V
G,122,W,0.93230011,0.244211342,0.72983647,non-significant,G122W
G,122,Y,1.101860122,0.100875414,0.571759808,non-significant,G122Y
T,123,A,1.122499661,0.41808286,0.512827132,non-significant,T123A
T,123,C,0.951292986,0.105090725,0.784022308,non-significant,T123C
T,123,E,1.128029904,0.173738869,0.667440431,non-significant,T123E
T,123,F,1.265047405,0.303693082,0.061011741,non-significant,T123F
T,123,G,0.818066317,0.263866998,0.880197346,non-significant,T123G
T,123,H,0.989050988,0.258784851,0.798133976,non-significant,T123H
T,123,I,0.957617549,0.280426171,0.910324722,non-significant,T123I
T,123,K,1.068866063,0.253977587,0.987283283,non-significant,T123K
T,123,L,0.999762604,0.194827891,0.357280409,non-significant,T123L
T,123,M,1.187289547,0.18330651,0.240935692,non-significant,T123M
T,123,N,1.055524427,0.214179504,0.82531351,non-significant,T123N
T,123,P,0.909310391,0.284812452,0.46695757,non-significant,T123P
T,123,Q,0.927996532,0.008406159,0.460943082,non-significant,T123Q
T,123,R,0.799581692,0.136439551,0.241130079,non-significant,T123R
T,123,S,1.1837939,0.245085526,0.371394304,non-significant,T123S
T,123,V,0.853445663,0.106053671,0.335195032,non-significant,T123V
T,123,W,1.076536681,0.166334546,0.802674938,non-significant,T123W
T,123,Y,1.500433345,0.428762358,0.007499855,high_activity,T123Y
S,124,A,0.897002353,0.102515685,0.700312837,non-significant,S124A
S,124,C,0.994696299,0.290114772,0.534912552,non-significant,S124C
S,124,D,1.063516952,0.117694447,0.65741956,non-significant,S124D
S,124,E,0.943520937,0.20799908,0.235628452,non-significant,S124E
S,124,F,0.934180872,0.100345368,0.711726261,non-significant,S124F
S,124,G,0.77141588,0.196036314,0.063935359,non-significant,S124G
S,124,H,0.963437368,0.073551073,0.519256752,non-significant,S124H
S,124,I,0.856254674,0.072653741,0.184256105,non-significant,S124I
S,124,K,0.751816925,0.168006733,0.315295274,non-significant,S124K
S,124,L,1.025137217,0.465173313,0.845223635,non-significant,S124L
S,124,M,0.940262885,0.222505118,0.270601277,non-significant,S124M
S,124,N,0.93339773,0.128154254,0.749031555,non-significant,S124N
S,124,R,1.022542705,0.241459313,0.954040899,non-significant,S124R
S,124,T,0.874881336,0.350977055,0.260915995,non-significant,S124T
S,124,V,0.941141662,0.438040286,0.858331521,non-significant,S124V
S,124,W,0.98803548,0.095874509,0.873671282,non-significant,S124W
S,124,Y,0.826684944,0.20069893,0.022515106,low_activity,S124Y
P,125,A,0.926556272,0.199459873,0.451599672,non-significant,P125A
P,125,C,0.761667008,0.191913018,0.128427228,non-significant,P125C
P,125,D,0.921584506,0.115600773,0.235904329,non-significant,P125D
P,125,E,1.128181856,0.237609195,0.649003057,non-significant,P125E
P,125,F,0.979473089,0.149159998,0.792024079,non-significant,P125F
P,125,G,0.860055989,0.118038304,0.486272375,non-significant,P125G
P,125,H,0.865689113,0.190816656,0.430296643,non-significant,P125H
P,125,I,0.841500328,0.056071966,0.1248407,non-significant,P125I
P,125,K,0.766365302,0.176861706,0.004248558,low_activity,P125K
P,125,L,0.925643922,0.127222438,0.792992393,non-significant,P125L
P,125,M,0.970998231,0.326631691,0.496536661,non-significant,P125M
P,125,N,1.025071264,0.152546027,0.655630439,non-significant,P125N
P,125,Q,0.910008138,0.254588756,0.126616222,non-significant,P125Q
P,125,R,0.731291522,0.074114128,0.074494774,non-significant,P125R
P,125,S,0.851252468,0.173020768,0.562744113,non-significant,P125S
P,125,T,1.081001237,0.192796713,0.869088634,non-significant,P125T
P,125,V,0.909857161,0.093072214,0.424096383,non-significant,P125V
P,125,W,0.896975876,0.158942266,0.289473283,non-significant,P125W
P,125,Y,0.935866577,0.258900565,0.828125094,non-significant,P125Y
R,126,A,0.952792041,0.072882584,0.813765662,non-significant,R126A
R,126,D,0.91533969,0.163051608,0.635123335,non-significant,R126D
R,126,E,1.253319324,0.243257412,0.148522169,non-significant,R126E
R,126,F,1.363196883,0.128277146,0.015001213,high_activity,R126F
R,126,G,1.217943616,0.08529708,0.02259636,high_activity,R126G
R,126,H,1.043310195,0.187488237,0.664509853,non-significant,R126H
R,126,I,1.079785555,0.162289328,0.617465802,non-significant,R126I
R,126,K,0.97496912,0.160005755,0.63442442,non-significant,R126K
R,126,L,0.953788453,0.26997618,0.859774738,non-significant,R126L
R,126,M,1.203898609,0.201588798,0.092547759,non-significant,R126M
R,126,N,1.105110071,0.162074187,0.567092448,non-significant,R126N
R,126,P,1.132008748,0.213072874,0.823964128,non-significant,R126P
R,126,Q,1.039106813,0.087359367,0.823467692,non-significant,R126Q
R,126,S,0.924516445,0.187196724,0.810600872,non-significant,R126S
R,126,T,1.45240965,0.619913276,0.444722761,non-significant,R126T
R,126,W,1.187214671,0.079018581,0.285792724,non-significant,R126W
R,126,Y,1.114486815,0.066710003,0.667125736,non-significant,R126Y
P,127,A,0.797274103,0.378824719,0.11626874,non-significant,P127A
P,127,C,0.986041535,0.181274689,0.669180734,non-significant,P127C
P,127,D,0.859625914,0.08493236,0.639543027,non-significant,P127D
P,127,E,0.920468187,0.146342589,0.291326638,non-significant,P127E
P,127,F,0.780045266,0.144117737,0.012155439,low_activity,P127F
P,127,G,0.851134624,0.292570529,0.130438684,non-significant,P127G
P,127,H,0.937254163,0.171708686,0.973014751,non-significant,P127H
P,127,I,0.987804771,0.271531325,0.764248352,non-significant,P127I
P,127,K,0.738956144,0.140994088,0.010262214,low_activity,P127K
P,127,L,0.872009686,0.181027907,0.328505361,non-significant,P127L
P,127,M,0.819544992,0.174477851,0.366563287,non-significant,P127M
P,127,N,0.721032223,0.244306278,0.002434375,low_activity,P127N
P,127,Q,0.815324037,0.309792613,0.984656899,non-significant,P127Q
P,127,R,0.903282259,0.139393425,0.541883837,non-significant,P127R
P,127,S,0.922441133,0.081318272,0.169559578,non-significant,P127S
P,127,T,0.969685716,0.147858922,0.655630439,non-significant,P127T
P,127,V,0.847560569,0.158185818,0.434624483,non-significant,P127V
P,127,W,0.982410177,0.21100898,0.984532271,non-significant,P127W
S,128,A,0.923334784,0.068987894,0.835877873,non-significant,S128A
S,128,C,0.972002166,0.123081912,0.7001583,non-significant,S128C
S,128,D,0.966061358,0.256579039,0.539043557,non-significant,S128D
S,128,E,1.003462164,0.225648656,0.184403492,non-significant,S128E
S,128,F,1.057586579,0.108813794,0.500996872,non-significant,S128F
S,128,G,0.964640262,0.144301653,0.695591768,non-significant,S128G
S,128,H,1.036891408,0.141496756,0.645799123,non-significant,S128H
S,128,I,0.905601741,0.132577035,0.76352446,non-significant,S128I
S,128,K,1.010287041,0.180044126,0.777749014,non-significant,S128K
S,128,L,0.894513938,0.088331026,0.616139751,non-significant,S128L
S,128,M,0.933074317,0.199725692,0.920013811,non-significant,S128M
S,128,N,1.007337311,0.198312647,0.515871641,non-significant,S128N
S,128,P,0.846915205,0.168903636,0.282467353,non-significant,S128P
S,128,Q,1.130752978,0.178302529,0.189988217,non-significant,S128Q
S,128,R,0.933053464,0.178816984,0.138721467,non-significant,S128R
S,128,T,0.941511446,0.326327241,0.925354628,non-significant,S128T
S,128,V,1.006126957,0.322669577,0.602657928,non-significant,S128V
S,128,W,0.966267751,0.213427513,0.713006553,non-significant,S128W
S,128,Y,1.106758462,0.159036023,0.282702709,non-significant,S128Y
T,129,A,0.938412018,0.284443678,0.214628797,non-significant,T129A
T,129,C,1.046557643,0.240857009,0.779139772,non-significant,T129C
T,129,D,0.893458192,0.200867923,0.316467186,non-significant,T129D
T,129,E,1.105187572,0.151052794,0.237143916,non-significant,T129E
T,129,F,0.980087837,0.297047563,0.831958483,non-significant,T129F
T,129,G,1.014740583,0.08884555,0.921929886,non-significant,T129G
T,129,H,0.735076815,0.079550139,0.078302501,non-significant,T129H
T,129,I,0.946195929,0.169330899,0.249781426,non-significant,T129I
T,129,K,1.087256221,0.170348845,0.32023581,non-significant,T129K
T,129,L,1.007470077,0.089269061,0.947288885,non-significant,T129L
T,129,M,1.220254319,0.428736198,0.636707157,non-significant,T129M
T,129,N,0.862181834,0.301175135,0.13017792,non-significant,T129N
T,129,P,1.071545199,0.090751208,0.718095227,non-significant,T129P
T,129,Q,0.993547684,0.135094268,0.161134614,non-significant,T129Q
T,129,R,0.84955377,0.154305908,0.097185102,non-significant,T129R
T,129,S,0.983428209,0.072667541,0.427584626,non-significant,T129S
T,129,W,1.112721598,0.222269913,0.455953269,non-significant,T129W
T,129,Y,0.942847715,0.218580375,0.958831219,non-significant,T129Y
D,130,A,0.842205675,0.225901729,0.474386242,non-significant,D130A
D,130,C,1.010310333,0.096676189,0.730573438,non-significant,D130C
D,130,E,1.191157521,0.14243116,0.574206631,non-significant,D130E
D,130,F,0.941818211,0.268842301,0.27187599,non-significant,D130F
D,130,G,1.034033612,0.198465281,0.861178222,non-significant,D130G
D,130,H,0.740526685,0.180433347,0.036521869,low_activity,D130H
D,130,I,0.852417531,0.156302659,0.219609918,non-significant,D130I
D,130,K,0.793132741,0.260651504,0.070099916,non-significant,D130K
D,130,L,0.794203769,0.126578623,0.115372347,non-significant,D130L
D,130,M,1.07898059,0.204372092,0.976041474,non-significant,D130M
D,130,N,1.02177618,0.173410667,0.929976267,non-significant,D130N
D,130,P,1.183455162,0.285619707,0.676484667,non-significant,D130P
D,130,Q,0.998487661,0.155491757,0.97838627,non-significant,D130Q
D,130,R,1.018109968,0.218424112,0.609653194,non-significant,D130R
D,130,S,0.910672334,0.211666158,0.614931307,non-significant,D130S
D,130,T,1.058230452,0.212713939,0.316467186,non-significant,D130T
D,130,V,0.746805487,0.140143017,0.012547099,low_activity,D130V
D,130,W,0.935249966,0.100179457,0.389294308,non-significant,D130W
D,130,Y,0.714365687,0.129728958,0.021841803,low_activity,D130Y
V,131,A,1.066791688,0.383863073,0.750670358,non-significant,V131A
V,131,C,0.995038042,0.16320242,0.876128437,non-significant,V131C
V,131,D,0.976156525,0.097885757,0.778285038,non-significant,V131D
V,131,E,1.092428161,0.212775522,0.260106326,non-significant,V131E
V,131,F,1.111268395,0.139930119,0.219495357,non-significant,V131F
V,131,G,0.950397318,0.174119566,0.832806456,non-significant,V131G
V,131,H,1.021728921,0.13254019,0.904301934,non-significant,V131H
V,131,I,1.009539308,0.134561666,0.425497833,non-significant,V131I
V,131,K,0.986902907,0.184869605,0.83608624,non-significant,V131K
V,131,L,1.025592026,0.169807085,0.839355721,non-significant,V131L
V,131,M,0.971041226,0.119699359,0.844871273,non-significant,V131M
V,131,N,0.854956734,0.18275081,0.547471604,non-significant,V131N
V,131,P,0.742063689,0.138543457,0.047567018,low_activity,V131P
V,131,Q,1.023937967,0.175266196,0.49906635,non-significant,V131Q
V,131,S,0.960853259,0.112780785,0.655630439,non-significant,V131S
V,131,T,1.002075676,0.379633806,0.774695915,non-significant,V131T
V,131,W,0.991839225,0.208371622,0.813765662,non-significant,V131W
V,131,Y,0.910523858,0.484916965,0.422435942,non-significant,V131Y
C,132,A,1.066034449,0.173045686,0.439678874,non-significant,C132A
C,132,D,0.935190633,0.130651367,0.888705091,non-significant,C132D
C,132,E,0.878392634,0.200270376,0.107670725,non-significant,C132E
C,132,F,1.084347044,0.219771839,0.563445642,non-significant,C132F
C,132,G,0.975884399,0.245812859,0.955147722,non-significant,C132G
C,132,H,0.907716147,0.16264785,0.430296643,non-significant,C132H
C,132,I,0.868372088,0.219948231,0.235556183,non-significant,C132I
C,132,K,0.73763339,0.067310766,0.012789306,low_activity,C132K
C,132,L,1.116485465,0.161251753,0.451591938,non-significant,C132L
C,132,N,0.904817089,0.178814774,0.284355153,non-significant,C132N
C,132,P,0.934163641,0.379789668,0.532920309,non-significant,C132P
C,132,Q,0.90668116,0.342083516,0.850674579,non-significant,C132Q
C,132,R,0.891539739,0.153605277,0.516699104,non-significant,C132R
C,132,S,0.986364859,0.220101166,0.813765662,non-significant,C132S
C,132,T,0.872124623,0.219785402,0.248986397,non-significant,C132T
C,132,V,0.888218554,0.266351018,0.678055331,non-significant,C132V
C,132,W,0.978018608,0.367695148,0.300650544,non-significant,C132W
C,132,Y,1.399826403,0.098585866,0.003152888,high_activity,C132Y
P,133,C,0.695182878,0.18187193,0.012212457,low_activity,P133C
P,133,D,0.968639522,0.290548439,0.417555816,non-significant,P133D
P,133,E,1.162235905,0.188980034,0.419137416,non-significant,P133E
P,133,F,1.074775102,0.058806396,0.762240912,non-significant,P133F
P,133,G,0.972684231,0.133729016,0.797443814,non-significant,P133G
P,133,H,1.0006431,0.207694546,0.756860824,non-significant,P133H
P,133,I,0.983886402,0.50700619,0.876128437,non-significant,P133I
P,133,K,0.964823736,0.161425235,0.760722215,non-significant,P133K
P,133,L,1.138696163,0.198158039,0.214502566,non-significant,P133L
P,133,M,1.002116187,0.123575319,0.673682,non-significant,P133M
P,133,N,1.087249009,0.261762297,0.349459618,non-significant,P133N
P,133,Q,1.054241037,0.066161433,0.551235989,non-significant,P133Q
P,133,R,0.957042244,0.316830545,0.423091785,non-significant,P133R
P,133,S,0.942994323,0.108621019,0.935742992,non-significant,P133S
P,133,T,0.97539619,0.202373934,0.935221391,non-significant,P133T
P,133,V,0.97864999,0.156948531,0.916208818,non-significant,P133V
P,133,W,0.882291725,0.190755674,0.718095227,non-significant,P133W
P,133,Y,1.032809655,0.180785795,0.546720902,non-significant,P133Y
D,134,A,1.331075202,0.189836956,0.040245268,high_activity,D134A
D,134,C,0.748664383,0.251289034,0.025373993,low_activity,D134C
D,134,E,0.914732568,0.244271406,0.501819603,non-significant,D134E
D,134,F,0.970807436,0.122891831,0.982835254,non-significant,D134F
D,134,G,1.043649723,0.068605686,0.442975937,non-significant,D134G
D,134,H,0.802617242,0.126535754,0.242544452,non-significant,D134H
D,134,I,1.085887806,0.098443215,0.750346397,non-significant,D134I
D,134,K,0.809712153,0.211160928,0.543148353,non-significant,D134K
D,134,L,0.902070959,0.189500541,0.58744926,non-significant,D134L
D,134,M,0.981555904,0.302270391,0.936116754,non-significant,D134M
D,134,N,0.926085643,0.168007944,0.72749867,non-significant,D134N
D,134,P,0.922329716,0.237311618,0.400081683,non-significant,D134P
D,134,R,0.864520506,0.287530931,0.261578863,non-significant,D134R
D,134,S,0.870284476,0.237288652,0.417555816,non-significant,D134S
D,134,T,1.054392632,0.187489872,0.81870156,non-significant,D134T
D,134,V,0.946581769,0.081714036,0.187261153,non-significant,D134V
D,134,W,0.91061354,0.085580526,0.461887273,non-significant,D134W
D,134,Y,0.93728453,0.069063034,0.532655692,non-significant,D134Y
P,135,A,1.1600046,0.128074533,0.67049437,non-significant,P135A
P,135,C,0.651711019,0.290636909,0.000413914,low_activity,P135C
P,135,E,0.852155513,0.218277896,0.309130277,non-significant,P135E
P,135,F,0.894257146,0.190700685,0.375069262,non-significant,P135F
P,135,G,0.917088938,0.135923082,0.360466785,non-significant,P135G
P,135,H,0.990785933,0.139031521,0.263417756,non-significant,P135H
P,135,I,0.903289119,0.154441289,0.429719099,non-significant,P135I
P,135,K,0.881272354,0.218841931,0.549652289,non-significant,P135K
P,135,L,0.962573829,0.266323936,0.816728499,non-significant,P135L
P,135,M,1.007944301,0.308013715,0.717538054,non-significant,P135M
P,135,N,0.963401615,0.079745218,0.749286684,non-significant,P135N
P,135,Q,0.902313372,0.120119208,0.74108887,non-significant,P135Q
P,135,R,0.88451316,0.043756501,0.087146694,non-significant,P135R
P,135,S,0.665256482,0.260137436,0.01146674,low_activity,P135S
P,135,T,0.983612241,0.07224443,0.531566975,non-significant,P135T
P,135,V,1.068101244,0.440264807,0.695599548,non-significant,P135V
P,135,W,1.043666549,0.092734534,0.366152478,non-significant,P135W
P,135,Y,0.996074938,0.140516121,0.563445642,non-significant,P135Y
L,136,A,1.039145275,0.017877941,0.9820695,non-significant,L136A
L,136,C,1.083722338,0.253208004,0.917417025,non-significant,L136C
L,136,D,0.796651428,0.117082376,0.009085729,low_activity,L136D
L,136,E,0.872227903,0.095881096,0.188437312,non-significant,L136E
L,136,F,1.013323586,0.082344877,0.903213648,non-significant,L136F
L,136,G,0.925437038,0.093054064,0.621563277,non-significant,L136G
L,136,H,0.945447903,0.423595022,0.365583172,non-significant,L136H
L,136,I,1.074340591,0.20261471,0.824778779,non-significant,L136I
L,136,K,0.683103141,0.161907906,0.00067324,low_activity,L136K
L,136,M,0.876909601,0.29309183,0.144778527,non-significant,L136M
L,136,N,1.10729516,0.125971766,0.250761124,non-significant,L136N
L,136,P,1.003124486,0.089330839,0.790849345,non-significant,L136P
L,136,Q,1.060552574,0.178843487,0.443313276,non-significant,L136Q
L,136,R,0.801438279,0.07175577,0.09673382,non-significant,L136R
L,136,S,1.111091277,0.225514619,0.200560504,non-significant,L136S
L,136,T,1.0254488,0.295728817,0.632161358,non-significant,L136T
L,136,V,0.795577896,0.144765551,0.132627553,non-significant,L136V
L,136,W,0.894784443,0.317523748,0.648508215,non-significant,L136W
L,136,Y,1.144250549,0.218585367,0.644643022,non-significant,L136Y
G,137,A,1.03557848,0.203502172,0.595411629,non-significant,G137A
G,137,C,1.096483653,0.278266687,0.829415842,non-significant,G137C
G,137,D,0.851835209,0.290753335,0.204702402,non-significant,G137D
G,137,E,0.82373008,0.189813026,0.175183779,non-significant,G137E
G,137,F,1.02872072,0.322437127,0.63843935,non-significant,G137F
G,137,H,0.950712055,0.299043341,0.798868692,non-significant,G137H
G,137,I,0.800596501,0.178401225,0.095653462,non-significant,G137I
G,137,K,1.223245017,0.167862528,0.032951699,high_activity,G137K
G,137,L,0.965548228,0.111233048,0.487561416,non-significant,G137L
G,137,M,0.825449604,0.137881685,0.124688582,non-significant,G137M
G,137,P,1.164573865,0.106531068,0.375213461,non-significant,G137P
G,137,Q,0.949717665,0.187795479,0.877546179,non-significant,G137Q
G,137,R,0.859184502,0.126526337,0.35357394,non-significant,G137R
G,137,S,0.983729035,0.229412381,0.954630729,non-significant,G137S
G,137,T,0.890059034,0.094837846,0.179971006,non-significant,G137T
G,137,V,0.926557678,0.19131851,0.750702396,non-significant,G137V
G,137,W,0.751607569,0.37716073,0.169664721,non-significant,G137W
G,137,Y,0.645522342,0.119897666,0.014499595,low_activity,G137Y
I,138,A,0.855606879,0.084087298,0.230136109,non-significant,I138A
I,138,C,1.086929861,0.22079897,0.670164355,non-significant,I138C
I,138,D,1.118940879,0.436111121,0.458611581,non-significant,I138D
I,138,E,1.015604978,0.03987551,0.78801182,non-significant,I138E
I,138,F,1.070118872,0.1044446,0.893155897,non-significant,I138F
I,138,G,0.899171023,0.211340011,0.37905211,non-significant,I138G
I,138,H,0.830038288,0.14418511,0.271644313,non-significant,I138H
I,138,K,0.871997034,0.191509539,0.512856903,non-significant,I138K
I,138,L,0.902608368,0.200380531,0.509491266,non-significant,I138L
I,138,M,1.072890867,0.142573572,0.668547033,non-significant,I138M
I,138,N,0.989478939,0.294737377,0.944504359,non-significant,I138N
I,138,P,0.81106871,0.181261957,0.251231579,non-significant,I138P
I,138,Q,0.952782668,0.166722138,0.910233727,non-significant,I138Q
I,138,R,0.996631349,0.409850522,0.898659617,non-significant,I138R
I,138,S,0.947745353,0.219784807,0.940939648,non-significant,I138S
I,138,T,1.147525832,0.038318401,0.464683922,non-significant,I138T
I,138,V,0.906530528,0.179483722,0.395230872,non-significant,I138V
I,138,Y,1.016210715,0.147336506,0.914089824,non-significant,I138Y
S,139,A,0.988048728,0.219973551,0.965708984,non-significant,S139A
S,139,C,0.917059868,0.121460324,0.233164767,non-significant,S139C
S,139,D,0.914285326,0.169736396,0.910301096,non-significant,S139D
S,139,E,1.152875919,0.384775787,0.713762394,non-significant,S139E
S,139,F,0.921230267,0.262517978,0.180390954,non-significant,S139F
S,139,G,1.087428251,0.202947157,0.467182186,non-significant,S139G
S,139,H,0.9970258,0.170037086,0.901320303,non-significant,S139H
S,139,I,1.097472003,0.236579127,0.375293012,non-significant,S139I
S,139,K,1.025748401,0.32686147,0.845223635,non-significant,S139K
S,139,L,0.982323634,0.194913589,0.523533277,non-significant,S139L
S,139,M,1.021044665,0.161023193,0.252062409,non-significant,S139M
S,139,N,1.094874142,0.247357218,0.65887915,non-significant,S139N
S,139,Q,1.074844242,0.159267839,0.473872782,non-significant,S139Q
S,139,R,0.979841014,0.206125116,0.984688308,non-significant,S139R
S,139,T,1.071618837,0.104171617,0.439675171,non-significant,S139T
S,139,V,1.06653597,0.251344584,0.642405589,non-significant,S139V
S,139,W,0.823797251,0.25952078,0.185574176,non-significant,S139W
S,139,Y,1.023784442,0.26215806,0.770785314,non-significant,S139Y
D,140,A,1.239951206,0.375069017,0.0645916,non-significant,D140A
D,140,C,1.012036517,0.257509451,0.817433946,non-significant,D140C
D,140,E,0.992280007,0.230205248,0.615415182,non-significant,D140E
D,140,F,0.663920923,0.065297287,0.018272514,low_activity,D140F
D,140,G,1.177769371,0.108946307,0.368641529,non-significant,D140G
D,140,H,1.152351364,0.176650369,0.519335526,non-significant,D140H
D,140,I,0.614471141,0.058690015,0.000245236,low_activity,D140I
D,140,K,1.001203865,0.102070947,0.978019679,non-significant,D140K
D,140,L,0.723766828,0.142819896,0.022619981,low_activity,D140L
D,140,M,1.09634121,0.13945725,0.910324722,non-significant,D140M
D,140,N,1.078483543,0.295323288,0.530767476,non-significant,D140N
D,140,P,0.836102182,0.203371788,0.138501158,non-significant,D140P
D,140,Q,0.894588555,0.111461489,0.349721475,non-significant,D140Q
D,140,R,0.892932369,0.058766232,0.551221078,non-significant,D140R
D,140,S,1.108759491,0.246235234,0.693591578,non-significant,D140S
D,140,T,1.074580084,0.175222585,0.787442802,non-significant,D140T
D,140,V,0.725151854,0.210069081,0.010335466,low_activity,D140V
D,140,W,0.818321453,0.08880446,0.211595146,non-significant,D140W
D,140,Y,1.148035961,0.190160632,0.398950948,non-significant,D140Y
S,141,A,1.029826521,0.140062318,0.874806916,non-significant,S141A
S,141,C,1.074614998,0.194381422,0.474026149,non-significant,S141C
S,141,D,1.159685118,0.165866278,0.494793757,non-significant,S141D
S,141,E,1.194150175,0.199207823,0.103829369,non-significant,S141E
S,141,F,1.024012383,0.258963682,0.883207469,non-significant,S141F
S,141,G,0.984771121,0.13777915,0.756860824,non-significant,S141G
S,141,H,1.082160157,0.177048648,0.595302519,non-significant,S141H
S,141,I,0.901725505,0.293218728,0.695591768,non-significant,S141I
S,141,K,1.031321433,0.338882515,0.63442442,non-significant,S141K
S,141,L,1.086879163,0.273389607,0.54006267,non-significant,S141L
S,141,M,1.142548445,0.298977304,0.37666625,non-significant,S141M
S,141,N,0.946247097,0.142752651,0.797443814,non-significant,S141N
S,141,P,1.213423629,0.312799502,0.18746217,non-significant,S141P
S,141,Q,0.816203284,0.153956739,0.16731306,non-significant,S141Q
S,141,R,0.632314382,0.218792424,0.009274759,low_activity,S141R
S,141,V,1.153997903,0.067291549,0.189520632,non-significant,S141V
S,141,W,1.252980893,0.165729173,0.015722593,high_activity,S141W
S,141,Y,0.948304678,0.181423019,0.85007573,non-significant,S141Y
Y,142,A,0.983977379,0.124345174,0.692890265,non-significant,Y142A
Y,142,C,0.88126159,0.159302654,0.285666296,non-significant,Y142C
Y,142,D,0.844861249,0.065641008,0.441879538,non-significant,Y142D
Y,142,E,0.816089958,0.121265641,0.019553013,low_activity,Y142E
Y,142,F,1.036928511,0.221729404,0.587350023,non-significant,Y142F
Y,142,G,0.965187331,0.057032584,0.771311396,non-significant,Y142G
Y,142,H,0.767088936,0.19893025,0.065798806,non-significant,Y142H
Y,142,I,0.774743538,0.194537624,0.007697926,low_activity,Y142I
Y,142,K,0.828166607,0.116584531,0.077463339,non-significant,Y142K
Y,142,L,0.856223214,0.140155606,0.489509848,non-significant,Y142L
Y,142,M,0.826640196,0.174517116,0.287488911,non-significant,Y142M
Y,142,N,0.970235611,0.227632694,0.849043285,non-significant,Y142N
Y,142,P,0.789783303,0.060735435,0.266977568,non-significant,Y142P
Y,142,R,0.788694024,0.217763873,0.060736729,non-significant,Y142R
Y,142,S,0.852782316,0.264884784,0.454507779,non-significant,Y142S
Y,142,T,0.920394347,0.153608739,0.139479176,non-significant,Y142T
Y,142,V,0.957208032,0.155700591,0.654083727,non-significant,Y142V
Y,142,W,1.336343008,0.093270704,0.317356445,non-significant,Y142W
S,143,A,1.056889369,0.331720653,0.728564974,non-significant,S143A
S,143,C,1.143957931,0.241179745,0.646197554,non-significant,S143C
S,143,D,1.078864168,0.14956823,0.899388641,non-significant,S143D
S,143,E,1.096858774,0.166208936,0.706513329,non-significant,S143E
S,143,F,0.740765087,0.347836037,0.128427228,non-significant,S143F
S,143,G,0.988353629,0.255174735,0.685653273,non-significant,S143G
S,143,H,1.044857814,0.258310389,0.986202501,non-significant,S143H
S,143,I,1.15709963,0.117347864,0.629635209,non-significant,S143I
S,143,K,0.986918749,0.191981104,0.736403768,non-significant,S143K
S,143,L,1.301526144,0.231131758,0.050514225,non-significant,S143L
S,143,M,0.953740941,0.21937389,0.997126071,non-significant,S143M
S,143,N,1.116568194,0.106514623,0.357251195,non-significant,S143N
S,143,P,1.098618568,0.160277153,0.947837329,non-significant,S143P
S,143,Q,1.302012164,0.214324174,0.014433053,high_activity,S143Q
S,143,R,1.083890304,0.145953166,0.68640833,non-significant,S143R
S,143,T,1.109956975,0.209531588,0.45872633,non-significant,S143T
S,143,V,1.044006332,0.269114598,0.442490773,non-significant,S143V
S,143,W,0.832345846,0.215539307,0.541150953,non-significant,S143W
S,143,Y,1.14826393,0.212452729,0.412420843,non-significant,S143Y
P,144,A,1.021085362,0.242198522,0.973500041,non-significant,P144A
P,144,C,1.194115249,0.116480712,0.071798279,non-significant,P144C
P,144,D,1.236340914,0.192121994,0.021368353,high_activity,P144D
P,144,E,1.476171859,0.30506728,0.004010539,high_activity,P144E
P,144,F,0.808429428,0.305934849,0.412420843,non-significant,P144F
P,144,G,1.012138046,0.237654736,0.945875041,non-significant,P144G
P,144,H,0.835222398,0.334274282,0.459160848,non-significant,P144H
P,144,I,0.898682449,0.111265202,0.229969291,non-significant,P144I
P,144,K,0.884323702,0.100018817,0.42755028,non-significant,P144K
P,144,L,0.919652544,0.101243117,0.830500884,non-significant,P144L
P,144,M,1.093772494,0.20522802,0.559318042,non-significant,P144M
P,144,N,0.984297088,0.207776179,0.462553972,non-significant,P144N
P,144,Q,1.448875914,0.210931181,0.022045992,high_activity,P144Q
P,144,R,1.009166024,0.111465166,0.952305702,non-significant,P144R
P,144,S,1.222567637,0.56056661,0.243985799,non-significant,P144S
P,144,T,1.094276909,0.188658105,0.492049723,non-significant,P144T
P,144,W,0.860008492,0.293585423,0.660822374,non-significant,P144W
P,144,Y,1.302976743,0.424425779,0.184126336,non-significant,P144Y
P,145,A,0.918416075,0.067098087,0.753792319,non-significant,P145A
P,145,D,1.146013016,0.062609268,0.142514132,non-significant,P145D
P,145,F,0.997204323,0.132458376,0.549652289,non-significant,P145F
P,145,G,1.127447591,0.27054684,0.178011122,non-significant,P145G
P,145,H,0.971321548,0.075070142,0.816489026,non-significant,P145H
P,145,I,0.965530362,0.106182046,0.379785691,non-significant,P145I
P,145,K,0.894355935,0.11163829,0.447722282,non-significant,P145K
P,145,L,1.098153985,0.112213648,0.131298529,non-significant,P145L
P,145,M,1.008246372,0.160510817,0.774397385,non-significant,P145M
P,145,N,1.227698593,0.142117557,0.07847695,non-significant,P145N
P,145,Q,1.171038147,0.302270214,0.048199443,high_activity,P145Q
P,145,R,0.940887854,0.284692034,0.054085813,non-significant,P145R
P,145,S,0.906856757,0.203987932,0.851794398,non-significant,P145S
P,145,V,0.932613896,0.272093694,0.865636851,non-significant,P145V
P,145,W,0.832862422,0.166523174,0.345409848,non-significant,P145W
P,145,Y,1.034153164,0.307155291,0.936978516,non-significant,P145Y
L,146,A,1.112567624,0.2258481,0.676484667,non-significant,L146A
L,146,C,1.175315099,0.204915744,0.27996842,non-significant,L146C
L,146,D,0.931012032,0.185104194,0.815753761,non-significant,L146D
L,146,E,1.108139863,0.363295674,0.449043851,non-significant,L146E
L,146,F,0.937091193,0.069737869,0.858283749,non-significant,L146F
L,146,G,1.004232433,0.196042846,0.884590496,non-significant,L146G
L,146,H,0.789297646,0.233273981,0.03534884,low_activity,L146H
L,146,I,1.013252488,0.140657915,0.790807001,non-significant,L146I
L,146,K,0.768978893,0.212500666,0.001478732,low_activity,L146K
L,146,M,0.957405607,0.13854731,0.66707501,non-significant,L146M
L,146,N,1.056899939,0.287476871,0.778343879,non-significant,L146N
L,146,P,0.994604019,0.14764841,0.925354628,non-significant,L146P
L,146,Q,1.028848308,0.20958617,0.689172716,non-significant,L146Q
L,146,R,0.908026177,0.091438806,0.756860824,non-significant,L146R
L,146,S,0.816785162,0.134478513,0.509965522,non-significant,L146S
L,146,T,1.028221485,0.095032913,0.903914109,non-significant,L146T
L,146,V,1.057105318,0.108148168,0.097735762,non-significant,L146V
L,146,W,1.116010848,0.195853418,0.380485759,non-significant,L146W
L,146,Y,0.943637892,0.17648434,0.930193107,non-significant,L146Y
P,147,A,1.07853641,0.131218242,0.525157895,non-significant,P147A
P,147,D,0.996115311,0.092720715,0.618249115,non-significant,P147D
P,147,E,0.904741217,0.253919066,0.461887273,non-significant,P147E
P,147,F,0.92504534,0.116185024,0.653269996,non-significant,P147F
P,147,G,0.998687416,0.076253564,0.563947021,non-significant,P147G
P,147,H,0.973678596,0.038447627,0.972265309,non-significant,P147H
P,147,I,1.037552098,0.313267272,0.738111312,non-significant,P147I
P,147,K,0.997878767,0.164859301,0.987605149,non-significant,P147K
P,147,L,0.997059591,0.062659479,0.782622414,non-significant,P147L
P,147,M,1.104069233,0.311353669,0.510124223,non-significant,P147M
P,147,N,1.005593973,0.256909053,0.992667517,non-significant,P147N
P,147,Q,0.860066166,0.135740719,0.234065754,non-significant,P147Q
P,147,R,0.804527547,0.170542821,0.24206911,non-significant,P147R
P,147,S,1.118538557,0.119528426,0.21508578,non-significant,P147S
P,147,T,1.030679952,0.059771122,0.759244081,non-significant,P147T
P,147,V,0.94028028,0.175376491,0.590811959,non-significant,P147V
P,147,W,0.841068836,0.331959215,0.193343189,non-significant,P147W
P,147,Y,1.063738215,0.080563103,0.505069553,non-significant,P147Y
G,148,A,0.964500528,0.203842804,0.655630439,non-significant,G148A
G,148,C,1.009185714,0.192558956,0.701365726,non-significant,G148C
G,148,D,1.020252749,0.075785873,0.85007573,non-significant,G148D
G,148,E,1.03082327,0.208731229,0.837690393,non-significant,G148E
G,148,F,0.976571199,0.151885028,0.861080052,non-significant,G148F
G,148,I,0.687665886,0.152714584,0.032743414,low_activity,G148I
G,148,K,0.830490444,0.15491324,0.235604076,non-significant,G148K
G,148,L,1.182754699,0.282339038,0.175337147,non-significant,G148L
G,148,M,1.016666539,0.188380353,0.804803746,non-significant,G148M
G,148,N,1.135325751,0.278513973,0.345938725,non-significant,G148N
G,148,P,1.049892348,0.183153205,0.80475587,non-significant,G148P
G,148,Q,1.070698527,0.337032787,0.920013811,non-significant,G148Q
G,148,R,0.886174487,0.080562992,0.254463668,non-significant,G148R
G,148,S,0.861623077,0.082980223,0.292679949,non-significant,G148S
G,148,T,1.340969891,0.359820856,0.000749742,high_activity,G148T
G,148,V,1.100722601,0.220828906,0.246478803,non-significant,G148V
G,148,W,0.824359173,0.271525744,0.474026149,non-significant,G148W
G,148,Y,0.883385461,0.230699479,0.708405724,non-significant,G148Y
P,149,A,0.997090193,0.140232797,0.67006127,non-significant,P149A
P,149,C,1.156890014,0.065028539,0.182400349,non-significant,P149C
P,149,D,1.068557558,0.131659409,0.820535992,non-significant,P149D
P,149,E,1.078141993,0.162101188,0.444722761,non-significant,P149E
P,149,F,1.167545132,0.120314668,0.328505361,non-significant,P149F
P,149,G,1.097953565,0.267868923,0.908115194,non-significant,P149G
P,149,H,0.794372788,0.250620415,0.230136109,non-significant,P149H
P,149,I,0.937107068,0.132240623,0.742666291,non-significant,P149I
P,149,K,0.811549487,0.29856339,0.015941645,low_activity,P149K
P,149,L,0.817136458,0.434686194,0.592535245,non-significant,P149L
P,149,M,0.935786088,0.257228224,0.312787907,non-significant,P149M
P,149,N,1.005130809,0.133105838,0.910301096,non-significant,P149N
P,149,Q,1.104824347,0.128664065,0.225412576,non-significant,P149Q
P,149,R,0.862899458,0.139260853,0.163879218,non-significant,P149R
P,149,S,0.96299749,0.102937715,0.944095267,non-significant,P149S
P,149,V,1.164665914,0.124590478,0.013080008,high_activity,P149V
P,149,Y,0.949931805,0.113597935,0.260988647,non-significant,P149Y
S,150,A,1.182052332,0.333750813,0.355966116,non-significant,S150A
S,150,C,1.053133709,0.214377353,0.560589817,non-significant,S150C
S,150,D,1.187466452,0.171265004,0.043846421,high_activity,S150D
S,150,E,0.987072366,0.195373576,0.431803072,non-significant,S150E
S,150,F,0.794427756,0.058814048,0.141501511,non-significant,S150F
S,150,G,0.949342301,0.108710887,0.816999155,non-significant,S150G
S,150,H,0.949086345,0.273545356,0.540019141,non-significant,S150H
S,150,I,0.93761651,0.070330801,0.853586749,non-significant,S150I
S,150,K,0.87618069,0.195197585,0.305115814,non-significant,S150K
S,150,L,0.921017071,0.236341964,0.714288152,non-significant,S150L
S,150,M,0.956215832,0.146976237,0.939828681,non-significant,S150M
S,150,N,1.089908767,0.278059573,0.968993058,non-significant,S150N
S,150,P,1.049395076,0.050457676,0.492611218,non-significant,S150P
S,150,Q,1.130538033,0.235798058,0.204702402,non-significant,S150Q
S,150,R,0.84713177,0.174065594,0.246520433,non-significant,S150R
S,150,T,1.027500517,0.271443708,0.762161651,non-significant,S150T
S,150,V,1.026397334,0.141718779,0.958744006,non-significant,S150V
S,150,W,0.837224815,0.174115725,0.089428643,non-significant,S150W
S,150,Y,0.770922309,0.288609839,0.178144387,non-significant,S150Y
G,151,A,1.086498898,0.17278803,0.884993445,non-significant,G151A
G,151,C,1.043656602,0.161365383,0.633445691,non-significant,G151C
G,151,D,0.755095295,0.182184758,0.161134614,non-significant,G151D
G,151,E,0.932467981,0.110133564,0.853099788,non-significant,G151E
G,151,F,0.909746134,0.126568644,0.493322571,non-significant,G151F
G,151,H,0.813198151,0.173026403,0.13876987,non-significant,G151H
G,151,I,0.860569709,0.157225925,0.278211069,non-significant,G151I
G,151,K,0.855938326,0.03264468,0.365583172,non-significant,G151K
G,151,L,0.850173847,0.037167649,0.111543078,non-significant,G151L
G,151,M,0.966122305,0.064809676,0.650102493,non-significant,G151M
G,151,N,1.0152811,0.138267159,0.970391574,non-significant,G151N
G,151,P,0.740288969,0.092324345,0.005257007,low_activity,G151P
G,151,Q,0.941289989,0.198484009,0.924842398,non-significant,G151Q
G,151,R,0.856225293,0.259771225,0.231952937,non-significant,G151R
G,151,S,1.056443772,0.143599482,0.923335954,non-significant,G151S
G,151,T,1.100684038,0.281339235,0.439675171,non-significant,G151T
G,151,V,1.161460147,0.223402417,0.658017703,non-significant,G151V
G,151,W,0.678196211,0.265987013,0.073803231,non-significant,G151W
G,151,Y,0.960655348,0.166660659,0.830699628,non-significant,G151Y
S,152,A,0.874251328,0.161928997,0.434237024,non-significant,S152A
S,152,C,1.035770928,0.188726612,0.651520221,non-significant,S152C
S,152,D,1.177780658,0.228453202,0.075846215,non-significant,S152D
S,152,E,1.189308618,0.371724626,0.034345015,high_activity,S152E
S,152,F,0.86735482,0.138429337,0.113207894,non-significant,S152F
S,152,G,0.923627937,0.143039498,0.493431998,non-significant,S152G
S,152,H,0.95504998,0.369546371,0.85650017,non-significant,S152H
S,152,I,0.952856656,0.249585895,0.692968038,non-significant,S152I
S,152,K,0.670566722,0.246399957,0.202570871,non-significant,S152K
S,152,L,1.008437894,0.136580641,0.947809445,non-significant,S152L
S,152,M,1.043509679,0.208898771,0.969580713,non-significant,S152M
S,152,N,0.910261133,0.30014785,0.779307345,non-significant,S152N
S,152,P,0.790339628,0.261892075,0.635514993,non-significant,S152P
S,152,Q,1.02442981,0.356502789,0.914173962,non-significant,S152Q
S,152,R,0.773078313,0.075807216,0.026370765,low_activity,S152R
S,152,T,1.033213368,0.25394931,0.567307517,non-significant,S152T
S,152,V,1.155096643,0.386794762,0.540365473,non-significant,S152V
S,152,W,0.899959143,0.224561722,0.828222946,non-significant,S152W
S,152,Y,0.936329324,0.267159836,0.807621114,non-significant,S152Y
P,153,A,0.875935407,0.14831398,0.051844228,non-significant,P153A
P,153,C,0.789701264,0.227399361,0.028283266,low_activity,P153C
P,153,D,1.533082637,0.159176719,0.000628927,high_activity,P153D
P,153,E,1.129946999,0.166769137,0.080263756,non-significant,P153E
P,153,F,0.544160522,0.204978413,0.00964232,low_activity,P153F
P,153,G,0.902912152,0.289619469,0.401797272,non-significant,P153G
P,153,H,0.942115784,0.178855438,0.867538596,non-significant,P153H
P,153,I,0.661285295,0.032087915,0.001394481,low_activity,P153I
P,153,K,0.670254431,0.069947327,0.004093064,low_activity,P153K
P,153,L,0.666829829,0.155291954,0.005667451,low_activity,P153L
P,153,M,0.819204117,0.255690185,0.228705453,non-significant,P153M
P,153,N,1.212287107,0.119425595,0.063531373,non-significant,P153N
P,153,Q,1.033271569,0.248651893,0.477206461,non-significant,P153Q
P,153,R,0.551709637,0.139416198,0.000101018,low_activity,P153R
P,153,S,1.019189489,0.238736302,0.79600068,non-significant,P153S
P,153,T,0.883692625,0.183107105,0.627458794,non-significant,P153T
P,153,V,0.707814504,0.153137784,0.449495554,non-significant,P153V
P,153,W,0.536364379,0.119672514,0.000103707,low_activity,P153W
P,153,Y,0.60899548,0.084194371,6.27624e-05,low_activity,P153Y
T,154,A,1.102898551,0.098384734,0.476665656,non-significant,T154A
T,154,C,0.903322347,0.139323847,0.727819164,non-significant,T154C
T,154,D,1.017849519,0.184963172,0.859774738,non-significant,T154D
T,154,E,1.127337904,0.166934913,0.531566975,non-significant,T154E
T,154,F,0.644097823,0.105366329,0.000229698,low_activity,T154F
T,154,G,1.104745467,0.128968089,0.244035037,non-significant,T154G
T,154,H,1.065402714,0.115502596,0.523286626,non-significant,T154H
T,154,I,0.613928599,0.070518386,0.001143958,low_activity,T154I
T,154,K,0.789366671,0.110526135,0.128427228,non-significant,T154K
T,154,L,0.6451489,0.235274042,0.02270521,low_activity,T154L
T,154,M,0.83834014,0.520634747,0.443313276,non-significant,T154M
T,154,N,1.120211963,0.115787958,0.174516482,non-significant,T154N
T,154,P,0.952046175,0.198284977,0.892337542,non-significant,T154P
T,154,Q,1.102863744,0.141199268,0.82531351,non-significant,T154Q
T,154,R,0.872158379,0.21152599,0.261929741,non-significant,T154R
T,154,S,0.961183387,0.1138458,0.765334713,non-significant,T154S
T,154,V,0.824588015,0.125390126,0.510584134,non-significant,T154V
T,154,Y,0.671578171,0.087732632,0.00801356,low_activity,T154Y
T,155,A,1.128733594,0.25887881,0.690572266,non-significant,T155A
T,155,C,0.841262066,0.279881664,0.249593079,non-significant,T155C
T,155,D,1.209135893,0.343203347,0.083614794,non-significant,T155D
T,155,E,1.251921691,0.38342439,0.241130079,non-significant,T155E
T,155,F,0.468175373,0.092098742,2.67e-08,low_activity,T155F
T,155,G,1.082649268,0.24186629,0.772156558,non-significant,T155G
T,155,H,0.7842518,0.201955245,0.11415681,non-significant,T155H
T,155,I,0.503135457,0.116371405,1.08106e-05,low_activity,T155I
T,155,K,0.821096251,0.136131058,0.096312877,non-significant,T155K
T,155,L,0.756124301,0.204774568,0.249593079,non-significant,T155L
T,155,M,0.8078622,0.106261049,0.093677014,non-significant,T155M
T,155,N,1.287713002,0.329589015,0.025861903,high_activity,T155N
T,155,P,1.147750383,0.228039818,0.660454235,non-significant,T155P
T,155,Q,0.997697224,0.09148316,0.986637908,non-significant,T155Q
T,155,R,0.920670308,0.084470301,0.846190663,non-significant,T155R
T,155,S,1.254341059,0.127280087,0.089790631,non-significant,T155S
T,155,W,0.493466973,0.164069099,5.73288e-05,low_activity,T155W
T,155,Y,0.557895102,0.172535415,1.02801e-05,low_activity,T155Y
A,156,C,0.81155105,0.171741604,0.12176668,non-significant,A156C
A,156,D,1.351122951,0.273524987,0.002651314,high_activity,A156D
A,156,E,1.145936774,0.156252201,0.393971355,non-significant,A156E
A,156,F,0.65575778,0.142001773,0.00111341,low_activity,A156F
A,156,G,0.984945978,0.33895976,0.590087405,non-significant,A156G
A,156,H,1.097568256,0.095543639,0.424147561,non-significant,A156H
A,156,I,0.698456482,0.180489064,0.017709144,low_activity,A156I
A,156,K,1.142543583,0.296443228,0.903213648,non-significant,A156K
A,156,L,0.630668339,0.093534666,0.000523275,low_activity,A156L
A,156,M,0.666213795,0.235631187,0.000198666,low_activity,A156M
A,156,N,1.171042655,0.106045212,0.417555816,non-significant,A156N
A,156,P,1.083824501,0.21206064,0.592535245,non-significant,A156P
A,156,Q,1.148855148,0.219592263,0.112053881,non-significant,A156Q
A,156,R,0.897899104,0.056258147,0.403750618,non-significant,A156R
A,156,S,1.168922931,0.214207695,0.449189469,non-significant,A156S
A,156,V,0.682652582,0.183054219,3.39593e-05,low_activity,A156V
A,156,W,0.661426681,0.278241601,0.312787907,non-significant,A156W
A,156,Y,0.510562376,0.131840966,4.91045e-05,low_activity,A156Y
V,157,A,1.391087483,0.118613836,1.61052e-05,high_activity,V157A
V,157,C,1.343853653,0.139517478,0.02684374,high_activity,V157C
V,157,D,1.199868333,0.302574418,0.507649017,non-significant,V157D
V,157,E,1.344152796,0.196490305,1.67424e-05,high_activity,V157E
V,157,F,0.956516731,0.451540207,0.677624113,non-significant,V157F
V,157,G,1.050028928,0.140793526,0.629635209,non-significant,V157G
V,157,H,1.07411812,0.301381822,0.566842694,non-significant,V157H
V,157,I,0.778939561,0.160072123,0.019470982,low_activity,V157I
V,157,K,0.955425064,0.222248692,0.958831219,non-significant,V157K
V,157,L,1.088841415,0.147539066,0.555274065,non-significant,V157L
V,157,M,1.09383279,0.081283172,0.203273472,non-significant,V157M
V,157,N,1.2599466,0.253490464,0.066972705,non-significant,V157N
V,157,P,1.403142454,0.202894168,0.015159558,high_activity,V157P
V,157,Q,1.196302931,0.072088523,0.058199046,non-significant,V157Q
V,157,R,1.074939237,0.249455058,0.74254643,non-significant,V157R
V,157,S,0.991133367,0.146125635,0.759244081,non-significant,V157S
V,157,T,1.227629447,0.235169119,0.062899173,non-significant,V157T
V,157,W,0.74048782,0.216445089,0.006142321,low_activity,V157W
V,157,Y,0.882315171,0.114517304,0.429719099,non-significant,V157Y
A,158,C,0.725541403,0.167620011,0.000942315,low_activity,A158C
A,158,D,1.539171318,0.291110927,3.81e-06,high_activity,A158D
A,158,E,1.366920455,0.174174341,1.41178e-05,high_activity,A158E
A,158,F,0.673271978,0.210859152,0.024597313,low_activity,A158F
A,158,G,1.340816903,0.141409967,0.00110003,high_activity,A158G
A,158,I,0.758785028,0.246300824,0.011633043,low_activity,A158I
A,158,K,0.978833593,0.040396879,0.831573382,non-significant,A158K
A,158,L,0.583090213,0.168336129,0.000857664,low_activity,A158L
A,158,M,0.417790015,0.099755611,9.41914e-05,low_activity,A158M
A,158,N,1.212894329,0.04536383,0.006869517,high_activity,A158N
A,158,P,1.301608552,0.121482228,0.095645662,non-significant,A158P
A,158,Q,1.296525572,0.150873171,0.003818584,high_activity,A158Q
A,158,R,0.960030645,0.219854888,0.776592998,non-significant,A158R
A,158,S,1.232827246,0.113272228,0.024404653,high_activity,A158S
A,158,T,1.112896914,0.26394141,0.508838095,non-significant,A158T
A,158,V,0.643438213,0.177384696,0.000867827,low_activity,A158V
A,158,W,0.54427671,0.09659319,4.1e-06,low_activity,A158W
A,158,Y,0.730441611,0.144826569,0.003278831,low_activity,A158Y
T,159,A,0.995136295,0.357552422,0.730573438,non-significant,T159A
T,159,C,0.805559996,0.079327642,0.060314327,non-significant,T159C
T,159,D,1.384346809,0.153532009,0.0025763,high_activity,T159D
T,159,E,1.165435324,0.361880053,0.067533326,non-significant,T159E
T,159,F,0.628168391,0.17747255,0.001250239,low_activity,T159F
T,159,G,1.50829994,0.098696574,0.000254784,high_activity,T159G
T,159,H,1.04003997,0.092425157,0.545503227,non-significant,T159H
T,159,I,0.494122729,0.104821286,5.33e-07,low_activity,T159I
T,159,K,0.926645962,0.144623994,0.518634217,non-significant,T159K
T,159,L,0.733611375,0.116212577,0.011425265,low_activity,T159L
T,159,M,0.841967761,0.251803111,0.292619726,non-significant,T159M
T,159,N,1.208314779,0.048028749,0.000802436,high_activity,T159N
T,159,P,1.360391193,0.580047877,0.003998674,high_activity,T159P
T,159,Q,1.231952318,0.228722805,0.102258625,non-significant,T159Q
T,159,R,1.01034254,0.106102172,0.959599113,non-significant,T159R
T,159,S,1.111658705,0.24711888,0.543148353,non-significant,T159S
T,159,W,0.587198408,0.323320659,0.000991965,low_activity,T159W
T,159,Y,0.681468824,0.322652365,5.89e-06,low_activity,T159Y
V,160,A,1.451407004,0.17992296,0.003885597,high_activity,V160A
V,160,C,1.581847843,0.390680394,0.002879459,high_activity,V160C
V,160,D,1.595880111,0.212580036,3.82e-07,high_activity,V160D
V,160,E,1.487785679,0.083007307,2.35952e-05,high_activity,V160E
V,160,F,0.831626615,0.086791097,0.236739125,non-significant,V160F
V,160,G,1.562786748,0.120121746,9.75127e-05,high_activity,V160G
V,160,H,1.456633444,0.082017844,1.8898e-05,high_activity,V160H
V,160,I,0.851340325,0.136111029,0.105554723,non-significant,V160I
V,160,K,0.939689962,0.150682762,0.636776331,non-significant,V160K
V,160,L,0.871020944,0.200625566,0.642805751,non-significant,V160L
V,160,M,1.422800744,0.276154159,0.047226642,high_activity,V160M
V,160,N,1.298255041,0.159729824,0.009643627,high_activity,V160N
V,160,P,1.313166035,0.193167042,0.004068155,high_activity,V160P
V,160,Q,1.534361809,0.111193307,0.000190439,high_activity,V160Q
V,160,R,1.02493466,0.126732396,0.726073386,non-significant,V160R
V,160,S,1.141921035,0.497922819,0.751507393,non-significant,V160S
V,160,T,1.47357777,0.140853441,1.39e-06,high_activity,V160T
V,160,W,1.094802601,0.09555006,0.392030406,non-significant,V160W
V,160,Y,1.145389579,0.064422875,0.548821857,non-significant,V160Y
S,161,A,0.845400879,0.319723326,0.212786328,non-significant,S161A
S,161,C,0.649424763,0.086821382,2.86099e-05,low_activity,S161C
S,161,D,1.167710446,0.131198291,0.153580383,non-significant,S161D
S,161,E,1.075795771,0.14199099,0.776255961,non-significant,S161E
S,161,F,0.633565648,0.220088157,0.000485954,low_activity,S161F
S,161,G,1.045345268,0.208679856,0.344129895,non-significant,S161G
S,161,H,0.83643289,0.247665157,0.073013908,non-significant,S161H
S,161,I,0.687983374,0.370442551,0.00801356,low_activity,S161I
S,161,K,0.754118592,0.080597881,0.023137613,low_activity,S161K
S,161,L,0.643175592,0.205010267,0.021588552,low_activity,S161L
S,161,M,0.639395325,0.073707454,0.007579074,low_activity,S161M
S,161,N,1.236252777,0.159035657,0.02930762,high_activity,S161N
S,161,P,1.599031146,0.078597327,1.02545e-05,high_activity,S161P
S,161,Q,0.967476028,0.1516986,0.428670781,non-significant,S161Q
S,161,R,0.878920202,0.273309599,0.774695915,non-significant,S161R
S,161,T,0.561661411,0.075594946,9.86594e-05,low_activity,S161T
S,161,V,0.556376328,0.231412685,0.002168534,low_activity,S161V
S,161,W,0.632374724,0.197271676,0.217202531,non-significant,S161W
S,161,Y,0.711121077,0.284740371,0.005444012,low_activity,S161Y
I,162,A,1.51333942,0.225809242,0.006626151,high_activity,I162A
I,162,C,1.670686162,0.366174115,6.92e-06,high_activity,I162C
I,162,D,1.689739628,0.177951083,4.06e-09,high_activity,I162D
I,162,E,1.731514059,0.34918062,2.22e-14,high_activity,I162E
I,162,F,1.03924494,0.118192885,0.333018773,non-significant,I162F
I,162,G,1.599780595,0.25150392,2.43e-07,high_activity,I162G
I,162,H,1.647772745,0.185058844,1.19e-06,high_activity,I162H
I,162,K,1.452193846,0.217140076,0.00010046,high_activity,I162K
I,162,L,1.368566705,0.196850431,0.000315134,high_activity,I162L
I,162,M,1.386304187,0.193682188,0.001015685,high_activity,I162M
I,162,N,1.633738421,0.149357114,0.002015143,high_activity,I162N
I,162,P,1.684034464,0.143268907,4.11e-07,high_activity,I162P
I,162,Q,1.650970858,0.123916083,2.71604e-05,high_activity,I162Q
I,162,R,1.329673414,0.161047291,0.011566855,high_activity,I162R
I,162,S,1.466713791,0.204657547,0.000647182,high_activity,I162S
I,162,V,1.337336022,0.18582753,0.00027711,high_activity,I162V
I,162,W,1.244444296,0.247216199,0.040138038,high_activity,I162W
I,162,Y,1.36002543,0.077004612,9.61e-07,high_activity,I162Y
W,163,A,1.599284162,0.155904978,1.23e-06,high_activity,W163A
W,163,C,1.363844504,0.396898774,0.020043282,high_activity,W163C
W,163,D,1.428651454,0.205550587,0.000120563,high_activity,W163D
W,163,E,1.326716354,0.1215935,0.000771374,high_activity,W163E
W,163,F,1.172148625,0.430104893,0.357280409,non-significant,W163F
W,163,G,1.352679563,0.175299885,0.00020163,high_activity,W163G
W,163,H,1.454489713,0.101507706,0.001088341,high_activity,W163H
W,163,I,1.142128797,0.174051747,0.15154276,non-significant,W163I
W,163,K,1.222939554,0.233727038,0.103857376,non-significant,W163K
W,163,L,1.210782623,0.122595293,0.00615851,high_activity,W163L
W,163,M,1.460429472,0.208519071,2.1075e-05,high_activity,W163M
W,163,N,1.509716632,0.403230711,0.000355997,high_activity,W163N
W,163,P,1.465494039,0.074239325,0.037712932,high_activity,W163P
W,163,Q,1.34890077,0.191763796,0.007252222,high_activity,W163Q
W,163,R,1.186607773,0.169440856,0.034594323,high_activity,W163R
W,163,S,1.239978595,0.163229046,0.08155946,non-significant,W163S
W,163,T,1.64013474,0.406952117,0.000193088,high_activity,W163T
W,163,V,1.103559815,0.07572387,0.362340345,non-significant,W163V
W,163,Y,1.265130853,0.156584055,0.02499288,high_activity,W163Y
S,164,A,1.005433041,0.34658788,0.84997247,non-significant,S164A
S,164,C,0.628629588,0.133878512,0.003512355,low_activity,S164C
S,164,D,1.441590163,0.182226161,0.000106912,high_activity,S164D
S,164,E,1.341991323,0.277660918,0.000116301,high_activity,S164E
S,164,F,0.528236473,0.165053932,8.82e-06,low_activity,S164F
S,164,G,1.237937712,0.233807238,0.032582829,high_activity,S164G
S,164,H,1.057815757,0.246126371,0.932263245,non-significant,S164H
S,164,I,0.5833964,0.134456294,0.000529707,low_activity,S164I
S,164,K,1.000102342,0.167405234,0.991659415,non-significant,S164K
S,164,L,0.620674301,0.126918599,0.002385615,low_activity,S164L
S,164,M,0.566558777,0.150450165,0.003285387,low_activity,S164M
S,164,N,1.175144284,0.266018839,0.063797433,non-significant,S164N
S,164,P,1.273470182,0.11615858,0.027210103,high_activity,S164P
S,164,Q,1.244932236,0.051792901,0.041989333,high_activity,S164Q
S,164,R,0.907800221,0.346603112,0.184403492,non-significant,S164R
S,164,T,0.921615041,0.118618297,0.424026081,non-significant,S164T
S,164,V,0.518964198,0.108927544,0.001700172,low_activity,S164V
S,164,Y,0.699723553,0.242267718,0.000147904,low_activity,S164Y
P,165,A,1.092430364,0.265260971,0.443313276,non-significant,P165A
P,165,C,0.703571911,0.196382802,0.056362121,non-significant,P165C
P,165,D,1.310515953,0.352511327,0.055362886,non-significant,P165D
P,165,E,1.354501183,0.254087194,0.001060018,high_activity,P165E
P,165,F,0.786499342,0.116481735,0.074731651,non-significant,P165F
P,165,G,1.318735403,0.377447641,0.005458718,high_activity,P165G
P,165,H,1.12425131,0.085647468,0.196684703,non-significant,P165H
P,165,I,0.63261736,0.14875458,0.001250239,low_activity,P165I
P,165,K,1.024625582,0.249189015,0.834422458,non-significant,P165K
P,165,L,0.828183087,0.154108573,0.01146674,low_activity,P165L
P,165,M,0.865910194,0.171449417,0.193331464,non-significant,P165M
P,165,N,1.290738485,0.243324676,0.044390516,high_activity,P165N
P,165,Q,1.303893468,0.294460118,0.005790818,high_activity,P165Q
P,165,R,1.00330902,0.107501374,0.496786442,non-significant,P165R
P,165,S,0.958144857,0.208743505,0.847690206,non-significant,P165S
P,165,T,1.12539715,0.251439812,0.749280956,non-significant,P165T
P,165,V,0.742776599,0.287072161,0.000941227,low_activity,P165V
P,165,W,0.745594785,0.126865912,0.037278404,low_activity,P165W
P,165,Y,0.512992361,0.117243156,7.66377e-05,low_activity,P165Y
A,166,C,0.942914254,0.20593405,0.641620842,non-significant,A166C
A,166,D,1.197497189,0.392384888,0.28446466,non-significant,A166D
A,166,E,1.282495508,0.137248406,0.001486459,high_activity,A166E
A,166,G,0.911337543,0.137576757,0.269502041,non-significant,A166G
A,166,I,0.765260923,0.12303724,0.184180658,non-significant,A166I
A,166,K,0.851067482,0.09406745,0.38675376,non-significant,A166K
A,166,L,0.704911911,0.289199802,0.04840048,low_activity,A166L
A,166,M,1.098926868,0.065958349,0.83427519,non-significant,A166M
A,166,N,1.345157416,0.148430447,0.007680687,high_activity,A166N
A,166,P,1.296916667,0.334155977,0.010742114,high_activity,A166P
A,166,Q,1.460041299,0.111467345,0.03853675,high_activity,A166Q
A,166,R,0.821715279,0.311151295,0.062255744,non-significant,A166R
A,166,S,0.93305397,0.204976866,0.793984904,non-significant,A166S
A,166,T,1.174861397,0.227951677,0.138501158,non-significant,A166T
A,166,V,0.922776259,0.18521677,0.834774551,non-significant,A166V
A,166,W,0.730202091,0.171997665,0.00908342,low_activity,A166W
A,166,Y,0.88552929,0.27299965,0.234919574,non-significant,A166Y
S,167,A,0.922709141,0.165571283,0.784022308,non-significant,S167A
S,167,C,1.051245862,0.145886326,0.278986117,non-significant,S167C
S,167,D,1.078775382,0.085115479,0.684838492,non-significant,S167D
S,167,E,1.05278553,0.165982964,0.776592998,non-significant,S167E
S,167,F,0.748526187,0.081482696,0.050006388,non-significant,S167F
S,167,G,0.989595696,0.081778602,0.917417025,non-significant,S167G
S,167,H,1.082855367,0.307508652,0.255256401,non-significant,S167H
S,167,I,0.909930754,0.382604108,0.438026478,non-significant,S167I
S,167,K,0.997830059,0.197256279,0.613013971,non-significant,S167K
S,167,M,1.041446483,0.143990665,0.548863373,non-significant,S167M
S,167,N,0.99605958,0.21563691,0.910324722,non-significant,S167N
S,167,P,1.082235645,0.192481236,0.705212753,non-significant,S167P
S,167,Q,1.109872498,0.167000765,0.464091825,non-significant,S167Q
S,167,R,0.840261286,0.222010011,0.20140848,non-significant,S167R
S,167,T,0.869579918,0.259572637,0.292482258,non-significant,S167T
S,167,V,0.979775607,0.115862689,0.081792827,non-significant,S167V
S,167,W,0.651154733,0.100615798,0.008368304,low_activity,S167W
S,167,Y,0.662809724,0.217017614,0.003837798,low_activity,S167Y
E,168,C,0.719580125,0.181718992,0.069935432,non-significant,E168C
E,168,D,1.027885632,0.117511088,0.388724255,non-significant,E168D
E,168,F,0.582031586,0.129048733,2.35e-07,low_activity,E168F
E,168,H,0.798273968,0.078136926,0.29855704,non-significant,E168H
E,168,I,0.796422853,0.141189478,0.156659628,non-significant,E168I
E,168,K,0.800825445,0.075861654,0.037863644,low_activity,E168K
E,168,L,0.727688426,0.11775864,0.036423186,low_activity,E168L
E,168,M,0.705033154,0.187222027,0.025872054,low_activity,E168M
E,168,N,0.94789888,0.190476009,0.861503114,non-significant,E168N
E,168,P,0.692340107,0.249550985,0.00703759,low_activity,E168P
E,168,Q,1.047319919,0.114341855,0.954040899,non-significant,E168Q
E,168,R,0.77580152,0.172912687,0.062414457,non-significant,E168R
E,168,S,1.116371544,0.300626671,0.385628369,non-significant,E168S
E,168,T,1.000955143,0.191828637,0.992685533,non-significant,E168T
E,168,V,0.839568165,0.152052713,0.167184311,non-significant,E168V
E,168,W,0.534529359,0.095076598,4.19e-06,low_activity,E168W
E,168,Y,0.798225437,0.185837913,0.061264505,non-significant,E168Y
S,169,A,1.053868399,0.212564426,0.194613234,non-significant,S169A
S,169,C,1.118470878,0.177686675,0.873981384,non-significant,S169C
S,169,D,1.065270653,0.40119268,0.82531351,non-significant,S169D
S,169,E,0.923233695,0.198007361,0.551221078,non-significant,S169E
S,169,F,0.61795857,0.129605129,0.003702111,low_activity,S169F
S,169,G,0.858152421,0.293650445,0.23365277,non-significant,S169G
S,169,H,1.182221024,0.472276197,0.144529955,non-significant,S169H
S,169,I,0.677417197,0.060739957,0.005542339,low_activity,S169I
S,169,K,0.791156672,0.246269941,0.007963195,low_activity,S169K
S,169,M,0.838913207,0.188569443,0.575406148,non-significant,S169M
S,169,N,1.192091312,0.255663867,0.092812677,non-significant,S169N
S,169,P,1.003027536,0.073933846,0.266590313,non-significant,S169P
S,169,R,1.042286958,0.107865214,0.893278818,non-significant,S169R
S,169,T,1.10483886,0.19924213,0.344129895,non-significant,S169T
S,169,V,0.826267581,0.333414279,0.123755779,non-significant,S169V
S,169,W,0.747128563,0.159274225,0.004496632,low_activity,S169W
S,169,Y,0.967803231,0.282546248,0.627458794,non-significant,S169Y
P,170,C,1.124527079,0.313016872,0.206890685,non-significant,P170C
P,170,D,1.092387219,0.166371815,0.389597775,non-significant,P170D
P,170,E,1.043889097,0.26001892,0.714288152,non-significant,P170E
P,170,F,0.526376297,0.147689318,0.000239713,low_activity,P170F
P,170,G,0.949307208,0.182002613,0.78665743,non-significant,P170G
P,170,H,0.899075346,0.11903496,0.599369417,non-significant,P170H
P,170,I,0.895325117,0.215627449,0.444598894,non-significant,P170I
P,170,K,0.982037052,0.216015311,0.951885234,non-significant,P170K
P,170,L,1.007348,0.091767877,0.954040899,non-significant,P170L
P,170,M,0.920400474,0.206458304,0.489442982,non-significant,P170M
P,170,N,1.064761924,0.225919454,0.728564974,non-significant,P170N
P,170,Q,0.78386131,0.234072736,0.019886668,low_activity,P170Q
P,170,R,1.072534493,0.244299932,0.433497955,non-significant,P170R
P,170,S,0.839459398,0.170077502,0.537387616,non-significant,P170S
P,170,T,0.963121732,0.21229423,0.637945382,non-significant,P170T
P,170,V,1.097789677,0.174451414,0.358336523,non-significant,P170V
P,170,W,0.84924465,0.332606213,0.089198648,non-significant,P170W
P,170,Y,1.021022805,0.075297602,0.802539889,non-significant,P170Y
L,171,A,0.896776789,0.302405086,0.750702396,non-significant,L171A
L,171,C,1.034232877,0.105348099,0.426932266,non-significant,L171C
L,171,D,1.032795824,0.099913391,0.491902157,non-significant,L171D
L,171,E,0.852534986,0.136026544,0.655630439,non-significant,L171E
L,171,F,0.843889156,0.197483927,0.243857973,non-significant,L171F
L,171,G,0.804613278,0.253777162,0.46876342,non-significant,L171G
L,171,I,1.000674531,0.355722763,0.279518335,non-significant,L171I
L,171,K,0.969647496,0.189221763,0.46556869,non-significant,L171K
L,171,M,1.025283799,0.278758282,0.605978723,non-significant,L171M
L,171,N,0.862399222,0.310477418,0.293642799,non-significant,L171N
L,171,Q,0.838131959,0.101387508,0.479791409,non-significant,L171Q
L,171,R,0.742138159,0.238046351,0.260807607,non-significant,L171R
L,171,S,1.036126785,0.328603885,0.898339479,non-significant,L171S
L,171,Y,1.221389033,0.22745794,0.282467353,non-significant,L171Y
P,172,A,1.064879067,0.243578275,0.595411629,non-significant,P172A
P,172,C,0.903021299,0.263404839,0.684838492,non-significant,P172C
P,172,D,0.962853993,0.64444229,0.210712041,non-significant,P172D
P,172,E,1.35530045,0.588088641,0.330728471,non-significant,P172E
P,172,F,0.653116001,0.30664347,0.001100947,low_activity,P172F
P,172,G,1.032046456,0.201508459,0.677466901,non-significant,P172G
P,172,H,0.784212098,0.178045593,0.027586921,low_activity,P172H
P,172,K,0.810841356,0.127681706,0.110862757,non-significant,P172K
P,172,L,0.682863584,0.181393753,0.022598799,low_activity,P172L
P,172,M,0.609983612,0.167548717,0.008576902,low_activity,P172M
P,172,N,1.026471469,0.297338647,0.967476479,non-significant,P172N
P,172,R,0.717506509,0.232806784,0.111161822,non-significant,P172R
P,172,S,1.019102407,0.076210875,0.433995209,non-significant,P172S
P,172,T,1.004794782,0.14489728,0.454701139,non-significant,P172T
P,172,V,0.904920874,0.273321366,0.231508803,non-significant,P172V
P,172,W,0.738259598,0.088319404,0.053532148,non-significant,P172W
P,172,Y,0.839030185,0.204891356,0.473404757,non-significant,P172Y
E,173,A,0.756846601,0.227366298,0.057687026,non-significant,E173A
E,173,C,0.662817108,0.043970161,0.00681009,low_activity,E173C
E,173,D,0.878686402,0.129212321,0.684838492,non-significant,E173D
E,173,F,0.681528218,0.135900626,0.003950565,low_activity,E173F
E,173,G,0.800945041,0.057624832,0.02729635,low_activity,E173G
E,173,H,0.699969049,0.335455919,0.004950694,low_activity,E173H
E,173,I,0.615128511,0.05305805,2.69217e-05,low_activity,E173I
E,173,K,0.62931193,0.14662036,0.00027268,low_activity,E173K
E,173,L,0.801115565,0.277452399,0.172465438,non-significant,E173L
E,173,M,0.793538976,0.067214249,0.079119837,non-significant,E173M
E,173,N,0.701710669,0.157980142,0.013080008,low_activity,E173N
E,173,P,0.713023437,0.216525669,0.017640828,low_activity,E173P
E,173,Q,0.858351296,0.151013798,0.809601944,non-significant,E173Q
E,173,R,0.624458425,0.097175736,0.000393794,low_activity,E173R
E,173,S,0.864996861,0.406031206,0.493008439,non-significant,E173S
E,173,T,0.776167399,0.216213358,0.210419607,non-significant,E173T
E,173,V,0.631986139,0.095434781,0.000749829,low_activity,E173V
E,173,W,0.578677804,0.092416144,9.73e-07,low_activity,E173W
E,173,Y,0.933680403,0.175827382,0.54006267,non-significant,E173Y
A,174,C,0.968312566,0.299432375,0.507583705,non-significant,A174C
A,174,D,1.212273759,0.137527439,0.050912916,non-significant,A174D
A,174,E,0.944764842,0.196780983,0.910233727,non-significant,A174E
A,174,F,0.661633645,0.252904954,0.004656567,low_activity,A174F
A,174,G,1.10624514,0.274830625,0.674940409,non-significant,A174G
A,174,H,1.075149178,0.318803143,0.904145948,non-significant,A174H
A,174,I,0.979284821,0.215832078,0.806521108,non-significant,A174I
A,174,K,0.715195587,0.205157315,0.030129282,low_activity,A174K
A,174,L,0.83266389,0.15160812,0.490815895,non-significant,A174L
A,174,M,0.866147689,0.131023237,0.415904677,non-significant,A174M
A,174,N,1.016345722,0.05197398,0.563445642,non-significant,A174N
A,174,P,0.972101271,0.108317028,0.975334993,non-significant,A174P
A,174,Q,1.165159405,0.38492949,0.423091785,non-significant,A174Q
A,174,R,0.742767252,0.081651708,0.102017904,non-significant,A174R
A,174,S,0.909248588,0.191282179,0.596232408,non-significant,A174S
A,174,T,1.229772366,0.34615866,0.328301298,non-significant,A174T
A,174,V,0.757156972,0.131986814,0.141276938,non-significant,A174V
A,174,W,0.725601066,0.062243387,0.017458061,low_activity,A174W
A,174,Y,0.901076484,0.325116534,0.369539507,non-significant,A174Y
Q,175,A,0.924138161,0.339376556,0.251448998,non-significant,Q175A
Q,175,C,0.724873598,0.100954838,0.004332102,low_activity,Q175C
Q,175,D,1.21099965,0.215257428,0.205323081,non-significant,Q175D
Q,175,E,1.112630783,0.210637987,0.502698094,non-significant,Q175E
Q,175,F,0.764956464,0.107205803,0.09546287,non-significant,Q175F
Q,175,G,1.14686472,0.325713357,0.85216921,non-significant,Q175G
Q,175,H,0.757564934,0.259950476,0.360220464,non-significant,Q175H
Q,175,I,0.696370212,0.190083468,0.105339258,non-significant,Q175I
Q,175,K,0.777062504,0.190979555,0.268258911,non-significant,Q175K
Q,175,L,0.67258564,0.073434073,0.002028333,low_activity,Q175L
Q,175,M,0.75544136,0.113763805,0.029592597,low_activity,Q175M
Q,175,N,1.019016563,0.268049007,0.994267435,non-significant,Q175N
Q,175,R,0.65969517,0.120854602,0.010669463,low_activity,Q175R
Q,175,S,0.816592348,0.232604793,0.133783408,non-significant,Q175S
Q,175,T,0.82941747,0.136263086,0.139794272,non-significant,Q175T
Q,175,V,0.715664803,0.074363678,0.004636245,low_activity,Q175V
Q,175,Y,0.731736738,0.457019519,0.48708881,non-significant,Q175Y
R,176,A,1.023126193,0.231643207,0.416220951,non-significant,R176A
R,176,C,0.982016791,0.539866559,0.461982547,non-significant,R176C
R,176,D,1.108386645,0.180127763,0.488102578,non-significant,R176D
R,176,E,1.06059843,0.12499515,0.244152984,non-significant,R176E
R,176,F,0.68151109,0.119667681,0.049819289,low_activity,R176F
R,176,G,1.139830383,0.190791227,0.536909455,non-significant,R176G
R,176,I,0.827829854,0.225799693,0.431878812,non-significant,R176I
R,176,K,0.922794492,0.170026417,0.327772213,non-significant,R176K
R,176,L,0.816115321,0.275331399,0.189478145,non-significant,R176L
R,176,M,1.028290171,0.104982529,0.992843971,non-significant,R176M
R,176,N,1.135312139,0.204423886,0.553843562,non-significant,R176N
R,176,S,1.110089775,0.286647947,0.59441829,non-significant,R176S
R,176,T,1.121575316,0.202855124,0.727819164,non-significant,R176T
R,176,V,1.040136627,0.296655325,0.384217474,non-significant,R176V
R,176,W,0.729906668,0.163816748,0.007667353,low_activity,R176W
R,176,Y,0.970915134,0.339480778,0.936116754,non-significant,R176Y
A,177,K,0.844382084,0.188245116,0.271600041,non-significant,A177K
A,177,M,0.718325723,0.182315314,0.167594288,non-significant,A177M
A,177,Q,0.834976249,0.285500315,0.602137253,non-significant,A177Q
A,177,V,0.713067688,0.181427639,0.033019103,low_activity,A177V
A,177,W,0.750509797,0.240416376,0.027435628,low_activity,A177W
G,178,A,1.012226188,0.336247167,0.85235819,non-significant,G178A
G,178,C,0.959211698,0.13987559,0.912480593,non-significant,G178C
G,178,D,1.166047762,0.126553309,0.08968126,non-significant,G178D
G,178,E,1.128603353,0.395524079,0.209797961,non-significant,G178E
G,178,F,0.664981055,0.206692381,0.005322731,low_activity,G178F
G,178,H,0.647675223,0.401172859,0.012642262,low_activity,G178H
G,178,I,0.614619016,0.298872592,0.001920727,low_activity,G178I
G,178,K,0.724681048,0.357735147,0.09061882,non-significant,G178K
G,178,N,1.055594655,0.156543767,0.597987448,non-significant,G178N
G,178,P,0.975663502,0.039827491,0.987630676,non-significant,G178P
G,178,Q,1.030022244,0.669833234,0.16022129,non-significant,G178Q
G,178,R,0.705720768,0.103480226,0.0192197,low_activity,G178R
G,178,S,0.951827309,0.217768028,0.981335306,non-significant,G178S
G,178,T,0.796402063,0.254814548,0.241293811,non-significant,G178T
G,178,V,0.731202419,0.222320092,0.015682869,low_activity,G178V
G,178,W,0.429493224,0.22239154,0.000254462,low_activity,G178W
G,178,Y,0.719962035,0.182291167,0.046830658,low_activity,G178Y
L,179,A,1.081120741,0.218786436,0.575406148,non-significant,L179A
L,179,C,1.059917162,0.432516895,0.562173164,non-significant,L179C
L,179,D,1.346870661,0.123933634,0.002441647,high_activity,L179D
L,179,E,1.317074091,0.261620969,0.000145498,high_activity,L179E
L,179,F,0.958891357,0.163206615,0.993984984,non-significant,L179F
L,179,G,1.226441259,0.22248774,0.169935226,non-significant,L179G
L,179,H,0.935401736,0.105637346,0.266835506,non-significant,L179H
L,179,I,0.914943875,0.036015783,0.515901356,non-significant,L179I
L,179,K,0.935931271,0.367946746,0.649030004,non-significant,L179K
L,179,M,1.296620625,0.22574056,0.167299774,non-significant,L179M
L,179,N,1.20392102,0.171053305,0.266977568,non-significant,L179N
L,179,P,1.02043541,0.15284578,0.995766334,non-significant,L179P
L,179,Q,1.063562343,0.139032845,0.809722498,non-significant,L179Q
L,179,R,1.108023046,0.255228532,0.408191688,non-significant,L179R
L,179,S,1.276908745,0.28765374,0.150360894,non-significant,L179S
L,179,T,0.970418585,0.208621237,0.726965936,non-significant,L179T
L,179,V,1.080711333,0.2742682,0.459153957,non-significant,L179V
L,179,W,0.903516163,0.277610433,0.540019141,non-significant,L179W
L,179,Y,1.117941397,0.153098364,0.372948593,non-significant,L179Y
V,180,A,0.997283922,0.415160103,0.146196001,non-significant,V180A
V,180,C,1.144260633,0.245765762,0.508017359,non-significant,V180C
V,180,F,1.071372249,0.247652258,0.72015447,non-significant,V180F
V,180,G,1.266435316,0.406340039,0.289049376,non-significant,V180G
V,180,I,0.840963889,0.059704185,0.108000821,non-significant,V180I
V,180,N,1.337601481,0.213348693,0.077028271,non-significant,V180N
V,180,Q,1.026240155,0.307060592,0.736648427,non-significant,V180Q
V,180,Y,1.089716725,0.320463354,0.882863414,non-significant,V180Y
A,181,C,0.848680021,0.21415969,0.540019141,non-significant,A181C
A,181,D,1.240280602,0.146983335,0.003070396,high_activity,A181D
A,181,E,0.859342657,0.123877083,0.234494201,non-significant,A181E
A,181,F,0.551902032,0.116356021,0.013562814,low_activity,A181F
A,181,G,0.965522209,0.133711997,0.910301096,non-significant,A181G
A,181,H,1.125872521,0.098127404,0.801904,non-significant,A181H
A,181,I,0.721540658,0.168711658,0.006301943,low_activity,A181I
A,181,K,0.807299506,0.196182896,0.17453685,non-significant,A181K
A,181,L,0.85642485,0.15983326,0.202397279,non-significant,A181L
A,181,M,0.671617341,0.071010789,0.09673382,non-significant,A181M
A,181,N,1.214606266,0.205813743,0.173967837,non-significant,A181N
A,181,P,0.876253615,0.429650643,0.48607658,non-significant,A181P
A,181,Q,0.899665955,0.211561775,0.858559556,non-significant,A181Q
A,181,R,0.783405089,0.224663234,0.005251012,low_activity,A181R
A,181,S,1.105328629,0.249220501,0.518634217,non-significant,A181S
A,181,T,0.967477641,0.301044072,0.925000587,non-significant,A181T
A,181,W,0.588772258,0.130563183,0.002942753,low_activity,A181W
A,181,Y,0.739280116,0.164735029,0.145729873,non-significant,A181Y
S,182,A,0.871548429,0.220892459,0.327512899,non-significant,S182A
S,182,C,1.134544554,0.65267645,0.810367703,non-significant,S182C
S,182,D,1.306744765,0.274074059,0.020131662,high_activity,S182D
S,182,E,0.996720466,0.087335859,0.913221235,non-significant,S182E
S,182,F,0.713295322,0.260711696,0.056763019,non-significant,S182F
S,182,G,1.147426889,0.268815991,0.703618603,non-significant,S182G
S,182,I,0.596124231,0.110015705,0.002695359,low_activity,S182I
S,182,K,0.814045572,0.171814014,0.320362136,non-significant,S182K
S,182,L,0.543703809,0.345162263,0.009533033,low_activity,S182L
S,182,M,0.548077895,0.08347127,0.02020697,low_activity,S182M
S,182,N,1.065122628,0.123974895,0.26209303,non-significant,S182N
S,182,P,1.031488564,0.192368877,0.993931799,non-significant,S182P
S,182,R,0.773246129,0.142987926,0.669180734,non-significant,S182R
S,182,T,1.039471881,0.121471198,0.792992393,non-significant,S182T
S,182,V,0.728490005,0.200924017,0.036732712,low_activity,S182V
S,182,W,0.748563803,0.049059893,0.010005495,low_activity,S182W
S,182,Y,0.6218125,0.240773218,0.022298481,low_activity,S182Y
G,183,C,0.961575098,0.200401117,0.549119078,non-significant,G183C
G,183,D,1.240587705,0.041583371,0.046553519,high_activity,G183D
G,183,E,1.264995006,0.353162299,0.225424795,non-significant,G183E
G,183,F,0.675637446,0.13418019,0.018400382,low_activity,G183F
G,183,H,0.754372816,0.138811212,0.185412069,non-significant,G183H
G,183,K,0.805091108,0.188091873,0.070001066,non-significant,G183K
G,183,L,0.622350864,0.059572433,0.000456395,low_activity,G183L
G,183,M,0.824591953,0.177947849,0.822176029,non-significant,G183M
G,183,N,1.066904913,0.334363893,0.952291442,non-significant,G183N
G,183,Q,1.104799467,0.253836799,0.248238635,non-significant,G183Q
G,183,R,0.896234236,0.125914368,0.276150685,non-significant,G183R
G,183,S,1.2549522,0.23156206,0.256672534,non-significant,G183S
G,183,T,0.903920308,0.100296227,0.727544288,non-significant,G183T
G,183,V,1.011190376,0.080199659,0.916254925,non-significant,G183V
G,183,W,0.698696677,0.231073293,0.024643092,low_activity,G183W
G,183,Y,0.842007323,0.287346201,0.277506857,non-significant,G183Y
P,184,A,0.99867353,0.154581748,0.857117922,non-significant,P184A
P,184,C,0.787690981,0.210140358,0.224868557,non-significant,P184C
P,184,F,0.653972745,0.180594649,0.048075036,low_activity,P184F
P,184,G,0.906820034,0.215473774,0.92897258,non-significant,P184G
P,184,K,0.908870886,0.128691873,0.443971954,non-significant,P184K
P,184,M,0.722494738,0.283038751,0.220534022,non-significant,P184M
P,184,V,0.891176958,0.212429811,0.586619324,non-significant,P184V
P,184,Y,0.814939314,0.162436126,0.646148051,non-significant,P184Y
S,185,C,0.658228304,0.160914536,0.063221103,non-significant,S185C
S,185,D,0.987696676,0.190687749,0.609719293,non-significant,S185D
S,185,H,1.013287407,0.262268858,0.944428944,non-significant,S185H
S,185,I,0.637644307,0.198669017,0.14127142,non-significant,S185I
S,185,M,0.551224608,0.30683353,0.006712417,low_activity,S185M
S,185,P,1.224468736,0.299223472,0.350048167,non-significant,S185P
S,185,Q,0.968053641,0.250968862,0.712937953,non-significant,S185Q
S,185,W,0.529058011,0.45851053,0.001614301,low_activity,S185W
L,186,A,1.291905121,0.161968302,0.040490145,high_activity,L186A
L,186,C,1.251760729,0.376186177,0.06452411,non-significant,L186C
L,186,D,1.465080633,0.152162346,1.22452e-05,high_activity,L186D
L,186,E,1.310724909,0.3198967,0.011009862,high_activity,L186E
L,186,F,0.930352832,0.153325077,0.901320303,non-significant,L186F
L,186,G,1.283427998,0.378740726,0.044372192,high_activity,L186G
L,186,H,1.174779846,0.098706469,0.412420843,non-significant,L186H
L,186,I,1.102926392,0.091584584,0.658494591,non-significant,L186I
L,186,K,0.959933085,0.15587013,0.424147561,non-significant,L186K
L,186,M,1.361373533,0.188849431,0.002913146,high_activity,L186M
L,186,N,1.017018805,0.339963607,0.869088634,non-significant,L186N
L,186,P,1.360594358,0.150535446,0.01454612,high_activity,L186P
L,186,Q,1.470511093,0.149390682,0.001207644,high_activity,L186Q
L,186,R,0.951356697,0.146986696,0.831958483,non-significant,L186R
L,186,S,1.03939102,0.22726214,0.760734235,non-significant,L186S
L,186,T,1.382086905,0.332766097,0.172417629,non-significant,L186T
L,186,V,1.095486007,0.069135068,0.264249644,non-significant,L186V
L,186,W,0.864992306,0.177014779,0.292619726,non-significant,L186W
L,186,Y,1.11951683,0.161745037,0.11616992,non-significant,L186Y
T,187,A,0.904239911,0.161300008,0.81811745,non-significant,T187A
T,187,C,0.778568155,0.336493061,0.217668381,non-significant,T187C
T,187,D,1.230975492,0.230816317,0.158542087,non-significant,T187D
T,187,E,1.134424369,0.165007254,0.242598385,non-significant,T187E
T,187,F,0.563584991,0.126032102,0.000355997,low_activity,T187F
T,187,G,0.956900534,0.241113512,0.915466772,non-significant,T187G
T,187,H,0.805260881,0.304081579,0.094464058,non-significant,T187H
T,187,I,0.685325008,0.079227409,0.002138164,low_activity,T187I
T,187,K,0.902389406,0.115622184,0.34464786,non-significant,T187K
T,187,L,0.846963909,0.105888828,0.629635209,non-significant,T187L
T,187,M,0.838546235,0.295771181,0.127110571,non-significant,T187M
T,187,N,1.168177328,0.207712981,0.347775544,non-significant,T187N
T,187,P,0.980726874,0.195114431,0.784022308,non-significant,T187P
T,187,Q,0.961714384,0.142950105,0.717538054,non-significant,T187Q
T,187,R,0.907931027,0.220519342,0.4651638,non-significant,T187R
T,187,S,0.936858959,0.187103438,0.161134614,non-significant,T187S
T,187,V,0.6985951,0.154139066,0.013562814,low_activity,T187V
T,187,W,0.651594932,0.26834802,0.000280699,low_activity,T187W
T,187,Y,0.838814122,0.246168022,0.449268058,non-significant,T187Y
S,188,A,0.925143036,0.323000546,0.552820437,non-significant,S188A
S,188,C,0.84954843,0.126443629,0.413640014,non-significant,S188C
S,188,D,1.163994337,0.219063501,0.036599525,high_activity,S188D
S,188,E,0.969368493,0.057031399,0.645799123,non-significant,S188E
S,188,F,0.764403416,0.227039649,0.006476299,low_activity,S188F
S,188,G,0.976467418,0.169317899,0.727172118,non-significant,S188G
S,188,I,0.657514635,0.095580699,0.005871558,low_activity,S188I
S,188,K,0.929575924,0.359343412,0.40192868,non-significant,S188K
S,188,N,1.045751723,0.124394187,0.332995269,non-significant,S188N
S,188,P,1.160215955,0.327175022,0.766333766,non-significant,S188P
S,188,Q,1.196113436,0.353618808,0.231432261,non-significant,S188Q
S,188,R,0.601480933,0.112028138,4.54369e-05,low_activity,S188R
S,188,T,0.937064488,0.064182652,0.548715306,non-significant,S188T
S,188,V,0.941702118,0.238796717,0.807489655,non-significant,S188V
S,188,W,0.85375988,0.109858875,0.107213466,non-significant,S188W
S,188,Y,0.666915643,0.170336072,0.018160084,low_activity,S188Y
A,189,C,0.871810866,0.097871116,0.108776214,non-significant,A189C
A,189,D,1.416407857,0.231084002,0.127262725,non-significant,A189D
A,189,E,1.005671236,0.146732657,0.700577572,non-significant,A189E
A,189,F,0.612110964,0.108723197,5.68784e-05,low_activity,A189F
A,189,G,1.047591602,0.121028052,0.347340682,non-significant,A189G
A,189,H,1.144737466,0.688778987,0.576098077,non-significant,A189H
A,189,I,0.652706059,0.076465763,0.076372816,non-significant,A189I
A,189,K,1.009978489,0.379462353,0.508949732,non-significant,A189K
A,189,L,0.651885597,0.099907763,0.020223513,low_activity,A189L
A,189,M,0.669447348,0.117376893,0.065798806,non-significant,A189M
A,189,N,1.095487492,0.073164697,0.563947021,non-significant,A189N
A,189,P,1.096820026,0.175631447,0.401552196,non-significant,A189P
A,189,Q,1.061800261,0.197053721,0.883241444,non-significant,A189Q
A,189,R,0.818637304,0.111108039,0.231432261,non-significant,A189R
A,189,S,1.027646978,0.278093308,0.939709249,non-significant,A189S
A,189,T,1.107413827,0.089587792,0.480108962,non-significant,A189T
A,189,V,0.773574765,0.097157615,0.024985452,low_activity,A189V
A,189,Y,0.911700237,0.276765783,0.245199843,non-significant,A189Y
P,190,A,0.866618017,0.268893607,0.510778674,non-significant,P190A
P,190,C,0.705899864,0.182391613,0.11747996,non-significant,P190C
P,190,D,1.063019075,0.142617228,0.874636656,non-significant,P190D
P,190,E,1.067083427,0.284009606,0.600222708,non-significant,P190E
P,190,F,0.766717148,0.106880774,0.063324661,non-significant,P190F
P,190,G,0.941624302,0.23857208,0.717538054,non-significant,P190G
P,190,H,0.828220681,0.16893325,0.233164767,non-significant,P190H
P,190,I,0.578219975,0.113462177,9.88e-06,low_activity,P190I
P,190,K,0.81303218,0.118599391,0.058757141,non-significant,P190K
P,190,L,0.663407773,0.17326521,0.012325305,low_activity,P190L
P,190,M,0.515528391,0.113621663,5.226e-05,low_activity,P190M
P,190,N,1.139216619,0.224609157,0.510976709,non-significant,P190N
P,190,Q,1.023110796,0.082151748,0.798275928,non-significant,P190Q
P,190,R,0.728344175,0.129346286,0.039200387,low_activity,P190R
P,190,S,0.894364076,0.239287012,0.587350023,non-significant,P190S
P,190,T,0.874819523,0.065490753,0.58448201,non-significant,P190T
P,190,V,0.608574689,0.152251434,0.005405554,low_activity,P190V
P,190,W,0.610734649,0.257972392,0.003534338,low_activity,P190W
P,190,Y,0.436971144,0.275795598,0.000661912,low_activity,P190Y
Y,191,A,1.532093873,0.260409655,0.000532372,high_activity,Y191A
Y,191,C,1.185528797,0.13475806,0.015962896,high_activity,Y191C
Y,191,D,1.485711211,0.085608225,1.67424e-05,high_activity,Y191D
Y,191,E,1.54879722,0.212065053,3.45863e-05,high_activity,Y191E
Y,191,F,0.85995711,0.087824964,0.242598385,non-significant,Y191F
Y,191,G,1.476425876,0.182000045,3.28789e-05,high_activity,Y191G
Y,191,H,1.276861462,0.138144949,0.000214315,high_activity,Y191H
Y,191,I,0.994223761,0.280628416,0.831958483,non-significant,Y191I
Y,191,K,0.935476612,0.119888324,0.1912033,non-significant,Y191K
Y,191,L,0.950887896,0.24780862,0.938727474,non-significant,Y191L
Y,191,M,0.997466711,0.170667356,0.904111086,non-significant,Y191M
Y,191,N,1.254522472,0.119130186,0.021305975,high_activity,Y191N
Y,191,P,1.46276563,0.125712328,0.00010046,high_activity,Y191P
Y,191,Q,1.326681386,0.205900172,0.00381485,high_activity,Y191Q
Y,191,R,1.339198324,0.314304789,0.021048096,high_activity,Y191R
Y,191,S,1.443486226,0.074760909,0.00018766,high_activity,Y191S
Y,191,T,1.348108861,0.148501956,0.000412905,high_activity,Y191T
Y,191,V,1.167645971,0.549770852,0.233581403,non-significant,Y191V
Y,191,W,0.595312401,0.130406925,0.00076337,low_activity,Y191W
A,192,C,0.9495568,0.199011542,0.477752711,non-significant,A192C
A,192,D,1.404635326,0.186446974,0.000897656,high_activity,A192D
A,192,E,1.243871957,0.293282704,0.092788787,non-significant,A192E
A,192,F,0.65227513,0.087489284,0.001551773,low_activity,A192F
A,192,G,1.236017717,0.450210383,0.01592857,high_activity,A192G
A,192,H,0.917949009,0.148765825,0.63843935,non-significant,A192H
A,192,I,0.782591282,0.272318348,0.086330943,non-significant,A192I
A,192,K,0.827385752,0.171124252,0.146478933,non-significant,A192K
A,192,L,0.652829936,0.171632512,0.00017634,low_activity,A192L
A,192,M,0.818390601,0.115624853,0.37524226,non-significant,A192M
A,192,N,1.285969963,0.210512471,0.085921752,non-significant,A192N
A,192,P,1.303683012,0.414205219,0.063797433,non-significant,A192P
A,192,Q,1.06550939,0.123066346,0.379741826,non-significant,A192Q
A,192,R,0.879982009,0.067283968,0.172595906,non-significant,A192R
A,192,S,0.903279163,0.143624238,0.901562608,non-significant,A192S
A,192,T,0.916179822,0.079747966,0.716628549,non-significant,A192T
A,192,V,0.603984157,0.201064888,0.004096091,low_activity,A192V
A,192,W,0.61087157,0.190207992,3.45e-07,low_activity,A192W
A,192,Y,0.711543492,0.16951014,0.013095732,low_activity,A192Y
M,193,A,1.198886713,0.296763278,0.059742166,non-significant,M193A
M,193,C,1.11570908,0.185973978,0.056970392,non-significant,M193C
M,193,D,1.592823293,0.197929658,2.35e-06,high_activity,M193D
M,193,E,1.769922304,0.261465386,1.18e-09,high_activity,M193E
M,193,F,0.670947466,0.237113129,0.012425314,low_activity,M193F
M,193,G,1.357618288,0.308283275,0.002758648,high_activity,M193G
M,193,H,1.349173313,0.131587684,0.000710646,high_activity,M193H
M,193,I,0.608548998,0.245802697,0.000418196,low_activity,M193I
M,193,K,1.149248725,0.014047608,0.406212004,non-significant,M193K
M,193,L,0.590370566,0.241213866,0.050441783,non-significant,M193L
M,193,N,1.471513105,0.096200463,0.001396927,high_activity,M193N
M,193,P,1.469716729,0.186204074,0.011762299,high_activity,M193P
M,193,Q,1.472611972,0.197990541,0.00444492,high_activity,M193Q
M,193,R,0.865930593,0.232973119,0.756860824,non-significant,M193R
M,193,S,1.397081279,0.079639104,1.24548e-05,high_activity,M193S
M,193,T,1.499535032,0.031335728,4.19802e-05,high_activity,M193T
M,193,V,0.804136003,0.304755173,0.162877454,non-significant,M193V
M,193,W,0.868292863,0.132045742,0.024931545,low_activity,M193W
M,193,Y,1.04523035,0.286821604,0.813765662,non-significant,M193Y
T,194,A,0.961324976,0.237567061,0.545653069,non-significant,T194A
T,194,C,0.755637232,0.286913277,0.02425107,low_activity,T194C
T,194,D,1.495862263,0.17367244,1.4795e-05,high_activity,T194D
T,194,E,1.565272983,0.271328738,2.79e-07,high_activity,T194E
T,194,F,0.654987351,0.116382933,0.000352425,low_activity,T194F
T,194,G,1.309297241,0.441673927,0.00356908,high_activity,T194G
T,194,H,0.924211048,0.190736366,0.80475587,non-significant,T194H
T,194,K,0.988225866,0.167158889,0.912533185,non-significant,T194K
T,194,L,0.710715634,0.239176887,0.017894871,low_activity,T194L
T,194,M,0.759271372,0.176395677,0.045723932,low_activity,T194M
T,194,N,1.045843821,0.217160718,0.912480593,non-significant,T194N
T,194,P,1.282090518,0.101265003,0.017749009,high_activity,T194P
T,194,Q,1.159005165,0.32431736,0.465938184,non-significant,T194Q
T,194,R,0.751596761,0.166460014,0.00112207,low_activity,T194R
T,194,S,1.126809584,0.252885644,0.670282347,non-significant,T194S
T,194,V,0.569368722,0.123890697,4.96e-07,low_activity,T194V
T,194,W,0.749634766,0.306230918,0.010824637,low_activity,T194W
T,194,Y,0.621069415,0.134405444,0.001708866,low_activity,T194Y
Y,195,A,1.364722554,0.188775898,0.006679599,high_activity,Y195A
Y,195,C,1.147173037,0.136863914,0.549652289,non-significant,Y195C
Y,195,D,1.779292112,0.180668899,5.44e-10,high_activity,Y195D
Y,195,E,1.641662126,0.362536106,1.51e-06,high_activity,Y195E
Y,195,F,0.803498387,0.302846978,0.517223586,non-significant,Y195F
Y,195,G,1.446013522,0.139276533,5.64e-06,high_activity,Y195G
Y,195,H,1.4575849,0.173326669,1.43337e-05,high_activity,Y195H
Y,195,I,0.870126309,0.171782147,0.245857659,non-significant,Y195I
Y,195,K,1.104247825,0.244022482,0.885713148,non-significant,Y195K
Y,195,L,0.79823129,0.047796767,0.153843149,non-significant,Y195L
Y,195,M,1.150532104,0.051580289,0.431803072,non-significant,Y195M
Y,195,N,1.230736284,0.290787275,0.055029583,non-significant,Y195N
Y,195,P,1.548665804,0.333166909,4.73e-06,high_activity,Y195P
Y,195,Q,1.401235097,0.361877516,0.042342704,high_activity,Y195Q
Y,195,R,1.205838796,0.150791753,0.307668493,non-significant,Y195R
Y,195,S,1.342127199,0.422934314,0.057800731,non-significant,Y195S
Y,195,T,1.394594587,0.12672664,0.001299567,high_activity,Y195T
Y,195,V,0.935926026,0.20886068,0.840169589,non-significant,Y195V
Y,195,W,0.663403078,0.050202409,0.01331013,low_activity,Y195W
A,196,C,0.945658112,0.113726626,0.870782125,non-significant,A196C
A,196,D,1.307112023,0.262831311,0.000432552,high_activity,A196D
A,196,E,1.356179972,0.318702609,0.001733692,high_activity,A196E
A,196,F,0.508487767,0.087943086,5.25e-06,low_activity,A196F
A,196,G,1.125681155,0.350734406,0.119290735,non-significant,A196G
A,196,H,0.949423151,0.462547095,0.734652388,non-significant,A196H
A,196,I,0.713397951,0.285404971,0.001151858,low_activity,A196I
A,196,K,0.973301795,0.013990288,0.202042012,non-significant,A196K
A,196,L,0.786393206,0.22769561,0.349459618,non-significant,A196L
A,196,M,0.788149603,0.196535964,0.005613955,low_activity,A196M
A,196,N,1.199617096,0.204784397,0.050207844,non-significant,A196N
A,196,P,1.137585182,0.139752052,0.275204989,non-significant,A196P
A,196,Q,1.159780542,0.229415841,0.397409189,non-significant,A196Q
A,196,R,0.854757836,0.172840702,0.221934065,non-significant,A196R
A,196,S,1.114642284,0.064365373,0.18670172,non-significant,A196S
A,196,T,1.033012504,0.088244528,0.45872633,non-significant,A196T
A,196,V,0.554314706,0.158702781,0.000592036,low_activity,A196V
A,196,W,0.655600854,0.088334896,3.92e-06,low_activity,A196W
A,196,Y,0.6233097,0.210737733,0.000726776,low_activity,A196Y
P,197,A,0.99938552,0.153130667,0.920013811,non-significant,P197A
P,197,C,0.790233513,0.164646727,0.11747996,non-significant,P197C
P,197,D,1.094636796,0.218989803,0.542685399,non-significant,P197D
P,197,E,0.957731008,0.135787873,0.952305702,non-significant,P197E
P,197,F,0.751182402,0.299304211,0.315366936,non-significant,P197F
P,197,G,1.084673124,0.11659285,0.114482958,non-significant,P197G
P,197,H,0.920007994,0.147009971,0.122177817,non-significant,P197H
P,197,I,0.628599484,0.068235011,2.09e-06,low_activity,P197I
P,197,K,1.069181989,0.201458259,0.221540005,non-significant,P197K
P,197,L,0.864464347,0.32374096,0.496536661,non-significant,P197L
P,197,Q,1.112023827,0.087950146,0.236575264,non-significant,P197Q
P,197,R,0.768046536,0.139132377,0.054699941,non-significant,P197R
P,197,S,0.97365123,0.161465324,0.433565354,non-significant,P197S
P,197,T,0.736428352,0.134324501,0.06959404,non-significant,P197T
P,197,V,0.602268739,0.124390724,0.003529692,low_activity,P197V
P,197,W,0.710847831,0.010244608,0.000103345,low_activity,P197W
P,197,Y,0.530544322,0.261778235,1.52e-07,low_activity,P197Y
A,198,C,1.212171782,0.263372579,0.311271073,non-significant,A198C
A,198,D,1.16433729,0.368495422,0.54006267,non-significant,A198D
A,198,E,1.261040055,0.169870415,0.102258625,non-significant,A198E
A,198,F,0.645413399,0.188143915,0.000470547,low_activity,A198F
A,198,G,1.244606907,0.127832058,0.060286489,non-significant,A198G
A,198,H,0.923221209,0.152334152,0.518634217,non-significant,A198H
A,198,I,0.751608681,0.135218567,0.002718092,low_activity,A198I
A,198,K,1.017328956,0.197247526,0.976234791,non-significant,A198K
A,198,L,0.624707861,0.260257363,0.000103385,low_activity,A198L
A,198,M,1.051154737,0.386945872,0.523281423,non-significant,A198M
A,198,N,1.3653396,0.064388428,0.00011372,high_activity,A198N
A,198,P,1.268004198,0.180813734,0.157858048,non-significant,A198P
A,198,Q,1.287147567,0.386458095,0.081344566,non-significant,A198Q
A,198,R,0.969370181,0.127867722,0.537387616,non-significant,A198R
A,198,S,0.95856356,0.268675426,0.755920697,non-significant,A198S
A,198,T,0.994697633,0.203677499,0.941379043,non-significant,A198T
A,198,V,0.835469079,0.062195935,0.181517977,non-significant,A198V
A,198,W,0.651238457,0.104955453,0.001472772,low_activity,A198W
A,198,Y,0.872052327,0.257308498,0.395415878,non-significant,A198Y
S,199,A,0.795320864,0.11292199,0.036460358,low_activity,S199A
S,199,C,0.711160306,0.265411165,0.084285503,non-significant,S199C
S,199,D,1.308582792,0.172988726,0.005101794,high_activity,S199D
S,199,E,1.124771252,0.337093131,0.359802563,non-significant,S199E
S,199,F,0.766097562,0.309885804,0.003310376,low_activity,S199F
S,199,G,0.838260509,0.191318491,0.077955478,non-significant,S199G
S,199,H,0.87669089,0.127901861,0.110487502,non-significant,S199H
S,199,I,0.596401964,0.179178035,0.006594803,low_activity,S199I
S,199,K,0.846803457,0.167378368,0.360679625,non-significant,S199K
S,199,L,0.573532256,0.17707475,0.00900558,low_activity,S199L
S,199,N,1.139485856,0.104544628,0.461099882,non-significant,S199N
S,199,P,1.045464588,0.323374226,0.613013971,non-significant,S199P
S,199,Q,1.011523761,0.121705318,0.975202138,non-significant,S199Q
S,199,R,0.830151314,0.18842888,0.015611445,low_activity,S199R
S,199,T,1.058011998,0.201009832,0.589695185,non-significant,S199T
S,199,V,0.740990626,0.188326483,0.004128264,low_activity,S199V
S,199,W,0.703665465,0.059932782,0.003984524,low_activity,S199W
S,199,Y,0.528271257,0.112417159,6.25321e-05,low_activity,S199Y
A,200,C,0.790196818,0.131670493,0.02571451,low_activity,A200C
A,200,D,1.397436344,0.194541429,0.000488572,high_activity,A200D
A,200,E,1.382257509,0.085561471,2.35276e-05,high_activity,A200E
A,200,F,0.654072142,0.12984213,6.89e-06,low_activity,A200F
A,200,G,1.017723644,0.269192404,0.990003642,non-significant,A200G
A,200,H,0.859464494,0.133550739,0.113992101,non-significant,A200H
A,200,I,0.686343902,0.169656403,0.001784627,low_activity,A200I
A,200,K,0.907545362,0.24220909,0.243759479,non-significant,A200K
A,200,L,0.670286245,0.200495832,0.035791095,low_activity,A200L
A,200,M,0.73359332,0.217726727,0.03777555,low_activity,A200M
A,200,N,1.24536003,0.227137828,0.10766238,non-significant,A200N
A,200,P,1.032724876,0.154193536,0.95708304,non-significant,A200P
A,200,Q,1.141358255,0.118403103,0.515954665,non-significant,A200Q
A,200,R,0.978022762,0.319971937,0.490974885,non-significant,A200R
A,200,S,0.793501386,0.154875656,0.314479628,non-significant,A200S
A,200,T,1.089235653,0.205678623,0.68198263,non-significant,A200T
A,200,V,0.765443587,0.117162645,0.231508803,non-significant,A200V
A,200,W,0.503974079,0.096830654,0.003956283,low_activity,A200W
A,200,Y,0.88324358,0.091949361,0.359850615,non-significant,A200Y
F,201,A,0.96588329,0.05087939,0.622287008,non-significant,F201A
F,201,C,1.401486855,0.180221859,4.43615e-05,high_activity,F201C
F,201,D,1.630439534,0.200523505,6.1e-08,high_activity,F201D
F,201,E,1.529850321,0.194048997,0.001090508,high_activity,F201E
F,201,G,1.346748602,0.294845146,0.006099919,high_activity,F201G
F,201,H,1.193577645,0.14598558,0.151669578,non-significant,F201H
F,201,I,1.016858896,0.236192007,0.936778175,non-significant,F201I
F,201,K,1.139220916,0.203609107,0.162398984,non-significant,F201K
F,201,L,1.107921264,0.12859942,0.538953767,non-significant,F201L
F,201,M,1.194673335,0.112421356,0.018451792,high_activity,F201M
F,201,N,1.546248566,0.132290959,3.97e-07,high_activity,F201N
F,201,P,1.228343632,0.284273659,0.30926562,non-significant,F201P
F,201,Q,1.419100173,0.136879444,7.21e-06,high_activity,F201Q
F,201,R,1.317471021,0.240610791,0.00843217,high_activity,F201R
F,201,S,1.340481356,0.201411453,0.023393369,high_activity,F201S
F,201,T,1.45877742,0.260740259,6.89e-06,high_activity,F201T
F,201,V,1.230364241,0.127959813,0.029443706,high_activity,F201V
F,201,W,0.870494997,0.258048113,0.389597775,non-significant,F201W
F,201,Y,1.128395955,0.228677368,0.361187097,non-significant,F201Y
C,202,A,1.065426791,0.300839578,0.561925847,non-significant,C202A
C,202,D,1.445719738,0.337460009,0.000469106,high_activity,C202D
C,202,E,1.31134619,0.372003186,0.122598268,non-significant,C202E
C,202,F,0.658221221,0.097142182,0.014120994,low_activity,C202F
C,202,G,0.997621929,0.12033613,0.821711484,non-significant,C202G
C,202,H,0.922092719,0.111130519,0.650102493,non-significant,C202H
C,202,I,0.730427911,0.151050626,0.047878861,low_activity,C202I
C,202,K,1.120511382,0.307778408,0.691114151,non-significant,C202K
C,202,L,0.748187343,0.075267041,0.101780746,non-significant,C202L
C,202,M,0.944752124,0.233679177,0.270506582,non-significant,C202M
C,202,N,1.068709407,0.290851035,0.474386242,non-significant,C202N
C,202,P,1.204612568,0.042696654,0.165870906,non-significant,C202P
C,202,Q,1.159702113,0.101241852,0.348562149,non-significant,C202Q
C,202,R,0.766408413,0.211362767,0.005742357,low_activity,C202R
C,202,S,1.14775819,0.153222889,0.449119314,non-significant,C202S
C,202,T,1.240649936,0.148654291,0.003064238,high_activity,C202T
C,202,V,0.911120216,0.131983891,0.567522869,non-significant,C202V
C,202,W,0.685378754,0.185631923,0.013037382,low_activity,C202W
C,202,Y,0.848941536,0.08831732,0.260106326,non-significant,C202Y
S,203,C,0.75624419,0.247895543,0.013420707,low_activity,S203C
S,203,D,1.095780398,0.271378855,0.748280243,non-significant,S203D
S,203,F,0.571251228,0.126625569,2.79e-07,low_activity,S203F
S,203,G,0.977554461,0.346862427,0.757155274,non-significant,S203G
S,203,H,0.907674837,0.202356734,0.323711504,non-significant,S203H
S,203,I,0.793737482,0.137342954,0.306508711,non-significant,S203I
S,203,K,0.840866646,0.190793022,0.112207972,non-significant,S203K
S,203,L,0.610255807,0.27533674,0.00040286,low_activity,S203L
S,203,M,0.823877752,0.20519145,0.09673382,non-significant,S203M
S,203,N,1.36393541,0.157848853,0.017841666,high_activity,S203N
S,203,P,1.048373429,0.12584842,0.992843971,non-significant,S203P
S,203,Q,1.028002805,0.201812735,0.995549805,non-significant,S203Q
S,203,R,0.776517441,0.194729709,0.05071839,non-significant,S203R
S,203,T,0.876200081,0.165046564,0.656050028,non-significant,S203T
S,203,V,0.659637101,0.174733772,0.000453269,low_activity,S203V
S,203,W,0.574987651,0.136581735,7.67307e-05,low_activity,S203W
S,203,Y,0.761941022,0.388961889,0.03580344,low_activity,S203Y
S,204,A,0.972448999,0.173539452,0.095147721,non-significant,S204A
S,204,C,0.601477962,0.280979454,0.008713708,low_activity,S204C
S,204,D,1.056537621,0.266061052,0.829900165,non-significant,S204D
S,204,E,1.361085285,0.2167207,0.002487965,high_activity,S204E
S,204,F,0.52180735,0.125358342,0.000411708,low_activity,S204F
S,204,G,0.919619448,0.200160581,0.528182414,non-significant,S204G
S,204,H,0.839821622,0.291032898,0.199299878,non-significant,S204H
S,204,I,0.911069862,0.233872591,0.508017359,non-significant,S204I
S,204,K,0.823586143,0.288881923,0.127180129,non-significant,S204K
S,204,L,0.759608052,0.355667513,0.010391877,low_activity,S204L
S,204,M,0.736994872,0.149460836,0.015159558,low_activity,S204M
S,204,N,1.11357255,0.226023195,0.210442003,non-significant,S204N
S,204,P,1.026214549,0.225657284,0.841575481,non-significant,S204P
S,204,Q,1.092822608,0.233402898,0.552920661,non-significant,S204Q
S,204,R,0.769988128,0.130985776,0.000288461,low_activity,S204R
S,204,T,1.043876207,0.06398877,0.730478631,non-significant,S204T
S,204,V,0.87121384,0.112012387,0.157989698,non-significant,S204V
S,204,W,0.540038479,0.192543813,0.021617925,low_activity,S204W
P,205,A,0.814840649,0.220992829,0.399593822,non-significant,P205A
P,205,C,0.631956212,0.257563548,0.015288431,low_activity,P205C
P,205,D,1.282007946,0.089872954,0.012014688,high_activity,P205D
P,205,E,1.449202906,0.367996872,0.03286444,high_activity,P205E
P,205,F,0.719484275,0.211964078,0.001339065,low_activity,P205F
P,205,G,0.80971488,0.147705804,0.393445789,non-significant,P205G
P,205,H,0.94141684,0.28915579,0.399593822,non-significant,P205H
P,205,I,0.768078467,0.104405447,0.013795883,low_activity,P205I
P,205,K,0.852135935,0.105486465,0.074019813,non-significant,P205K
P,205,L,0.645625436,0.220089619,0.00442266,low_activity,P205L
P,205,M,0.865920551,0.173797526,0.75394085,non-significant,P205M
P,205,N,1.256810932,0.314685025,0.275735546,non-significant,P205N
P,205,Q,1.163788952,0.218222191,0.263417756,non-significant,P205Q
P,205,R,0.78328188,0.079412759,0.097735762,non-significant,P205R
P,205,S,0.972924751,0.226433013,0.921288764,non-significant,P205S
P,205,T,0.947919641,0.048895109,0.831837516,non-significant,P205T
P,205,V,0.860524458,0.119205628,0.371143561,non-significant,P205V
P,205,W,0.473654684,0.09365751,1.28624e-05,low_activity,P205W
S,206,A,0.994361065,0.059120542,0.491651102,non-significant,S206A
S,206,C,0.817728068,0.143560992,0.286898256,non-significant,S206C
S,206,D,1.08260407,0.112619858,0.684153537,non-significant,S206D
S,206,E,1.234399267,0.264641697,0.075208429,non-significant,S206E
S,206,F,0.744107864,0.113910824,0.015971739,low_activity,S206F
S,206,G,1.061841316,0.226543826,0.747626185,non-significant,S206G
S,206,H,0.815692114,0.329542958,0.323666684,non-significant,S206H
S,206,K,0.920132003,0.268563865,0.094163003,non-significant,S206K
S,206,L,0.726649168,0.170027693,0.005411493,low_activity,S206L
S,206,M,0.810349215,0.133372943,0.027457756,low_activity,S206M
S,206,N,1.430939426,0.286511899,0.005542339,high_activity,S206N
S,206,P,0.967399523,0.118004106,0.645831824,non-significant,S206P
S,206,Q,0.8949973,0.056948232,0.664351199,non-significant,S206Q
S,206,R,0.674218315,0.165161627,0.034237336,low_activity,S206R
S,206,T,0.860879603,0.10491773,0.590363615,non-significant,S206T
S,206,V,0.939335905,0.265512664,0.35753866,non-significant,S206V
S,206,Y,0.550141662,0.138559013,0.000513111,low_activity,S206Y
A,207,C,0.646234235,0.203619701,0.000546724,low_activity,A207C
A,207,D,1.291882292,0.091940646,0.003136002,high_activity,A207D
A,207,E,1.237166298,0.081047755,0.01454612,high_activity,A207E
A,207,F,0.682082771,0.129448371,0.000301423,low_activity,A207F
A,207,G,1.103389406,0.0604292,0.291116228,non-significant,A207G
A,207,H,1.064349448,0.142827474,0.845866722,non-significant,A207H
A,207,I,0.805549203,0.124946688,0.118197038,non-significant,A207I
A,207,K,0.916902642,0.160658337,0.776255961,non-significant,A207K
A,207,L,0.776370489,0.142392104,0.271910536,non-significant,A207L
A,207,M,0.782879893,0.266428337,0.266120855,non-significant,A207M
A,207,N,1.132606152,0.23243235,0.327512899,non-significant,A207N
A,207,P,0.987335664,0.17502877,0.923335954,non-significant,A207P
A,207,Q,1.084451827,0.170751439,0.34835949,non-significant,A207Q
A,207,R,1.044601019,0.22287541,0.716898173,non-significant,A207R
A,207,S,1.002532934,0.207292236,0.471638307,non-significant,A207S
A,207,T,0.831067982,0.245312213,0.417085068,non-significant,A207T
A,207,V,1.080431029,0.218136077,0.743843364,non-significant,A207V
A,207,W,0.877568081,0.210784137,0.063953524,non-significant,A207W
A,207,Y,0.636939219,0.223440286,0.005667635,low_activity,A207Y
Y,208,A,1.331036412,0.082566372,0.136083784,non-significant,Y208A
Y,208,C,1.243882357,0.263170779,0.098313742,non-significant,Y208C
Y,208,D,1.374111038,0.24282881,0.002311819,high_activity,Y208D
Y,208,F,0.920328689,0.164552737,0.071342401,non-significant,Y208F
Y,208,G,1.364586579,0.254770603,0.004324947,high_activity,Y208G
Y,208,H,1.113383917,0.336799217,0.830699628,non-significant,Y208H
Y,208,I,0.936432835,0.186782473,0.845866722,non-significant,Y208I
Y,208,K,0.916052179,0.054469814,0.439675171,non-significant,Y208K
Y,208,L,1.065340249,0.131291198,0.455137726,non-significant,Y208L
Y,208,M,0.969228431,0.072023083,0.791318899,non-significant,Y208M
Y,208,N,1.165811357,0.047968852,0.013681573,high_activity,Y208N
Y,208,P,1.341875525,0.091367712,0.003670612,high_activity,Y208P
Y,208,Q,1.214589819,0.216083451,0.131537641,non-significant,Y208Q
Y,208,S,1.069123715,0.079573297,0.372749097,non-significant,Y208S
Y,208,T,1.026503233,0.324322643,0.694918295,non-significant,Y208T
Y,208,V,1.090687003,0.324100314,0.246277883,non-significant,Y208V
Y,208,W,0.570751962,0.179367914,0.00184443,low_activity,Y208W
G,209,A,0.822057885,0.071925524,0.194838685,non-significant,G209A
G,209,C,1.093396855,0.056092501,0.596792255,non-significant,G209C
G,209,D,1.132313864,0.110877393,0.297962006,non-significant,G209D
G,209,E,1.206334117,0.151064823,0.130868476,non-significant,G209E
G,209,F,0.662647847,0.121177535,8.72693e-05,low_activity,G209F
G,209,H,0.812089027,0.150316977,0.25179792,non-significant,G209H
G,209,I,0.803327961,0.234144283,0.113785433,non-significant,G209I
G,209,K,0.737687611,0.153567443,0.001796095,low_activity,G209K
G,209,L,0.637272232,0.049580948,1.30959e-05,low_activity,G209L
G,209,M,0.718111934,0.187806095,0.039888588,low_activity,G209M
G,209,N,1.080522606,0.208415804,0.419403842,non-significant,G209N
G,209,P,1.190146169,0.240679756,0.262035202,non-significant,G209P
G,209,Q,1.01668518,0.085999827,0.915006797,non-significant,G209Q
G,209,R,0.861361482,0.190162208,0.083781995,non-significant,G209R
G,209,S,0.980696739,0.203082651,0.829415842,non-significant,G209S
G,209,T,0.972531017,0.139733302,0.645662239,non-significant,G209T
G,209,V,0.911770825,0.196646058,0.292619726,non-significant,G209V
G,209,W,0.5794462,0.102533065,1.92193e-05,low_activity,G209W
G,209,Y,0.681909557,0.164894097,0.024643092,low_activity,G209Y
S,210,A,0.806325092,0.199996227,0.620052432,non-significant,S210A
S,210,C,0.792546507,0.32476662,0.067873348,non-significant,S210C
S,210,D,1.214944902,0.222043973,0.357369932,non-significant,S210D
S,210,E,1.283522484,0.123517226,0.006967911,high_activity,S210E
S,210,F,0.769117343,0.321952041,0.1592654,non-significant,S210F
S,210,G,0.990926969,0.136944012,0.714288152,non-significant,S210G
S,210,H,0.830039175,0.21436684,0.391692064,non-significant,S210H
S,210,I,0.556302474,0.097221204,0.000754906,low_activity,S210I
S,210,L,0.700618214,0.152957639,0.005795877,low_activity,S210L
S,210,M,0.759380071,0.092679018,0.003791716,low_activity,S210M
S,210,N,1.137243735,0.226217566,0.351645855,non-significant,S210N
S,210,P,0.880267365,0.208011972,0.426630746,non-significant,S210P
S,210,Q,1.093616685,0.156141095,0.865973717,non-significant,S210Q
S,210,R,0.748873149,0.096332821,0.003116149,low_activity,S210R
S,210,T,0.941386412,0.062612306,0.477752711,non-significant,S210T
S,210,V,0.639376889,0.043107278,0.011449127,low_activity,S210V
S,210,W,0.545703253,0.235364783,0.00095797,low_activity,S210W
S,210,Y,0.72330206,0.073016359,0.00051564,low_activity,S210Y
P,211,A,1.026467365,0.149855027,0.992685533,non-significant,P211A
P,211,C,0.890395586,0.127585515,0.421043534,non-significant,P211C
P,211,D,1.280884867,0.286657964,0.068533662,non-significant,P211D
P,211,E,1.378908018,0.341591647,0.002058483,high_activity,P211E
P,211,F,0.705546359,0.173920308,0.003081845,low_activity,P211F
P,211,G,1.05215862,0.11372107,0.540019141,non-significant,P211G
P,211,H,1.133244501,0.29002096,0.572780332,non-significant,P211H
P,211,I,0.720577466,0.17188904,0.019882708,low_activity,P211I
P,211,K,0.639846005,0.12943793,0.036007129,low_activity,P211K
P,211,L,0.683244095,0.214591462,0.00183426,low_activity,P211L
P,211,M,0.96783226,0.084678897,0.754572222,non-significant,P211M
P,211,N,1.182182081,0.182116288,0.033250394,high_activity,P211N
P,211,Q,1.128911402,0.135381837,0.68277706,non-significant,P211Q
P,211,R,0.756836611,0.195097576,0.300052291,non-significant,P211R
P,211,S,1.116563588,0.281515697,0.360210904,non-significant,P211S
P,211,T,0.994893615,0.185958371,0.925354628,non-significant,P211T
P,211,V,0.904570149,0.129025694,0.639312666,non-significant,P211V
P,211,W,0.539374148,0.067854183,6.65e-06,low_activity,P211W
P,211,Y,0.846157823,0.410642746,0.130983639,non-significant,P211Y
S,212,A,1.128545591,0.131696268,0.748280243,non-significant,S212A
S,212,D,1.239861385,0.411876454,0.006161468,high_activity,S212D
S,212,E,1.186165965,0.266025144,0.111637351,non-significant,S212E
S,212,F,0.525314125,0.151418931,3.75815e-05,low_activity,S212F
S,212,G,0.822768596,0.098707346,0.056239631,non-significant,S212G
S,212,H,0.766561854,0.056349667,0.013097778,low_activity,S212H
S,212,I,0.735454397,0.202950566,0.104015845,non-significant,S212I
S,212,K,0.841018972,0.17678934,0.83427519,non-significant,S212K
S,212,M,0.79134648,0.149914058,0.139300634,non-significant,S212M
S,212,N,1.08556048,0.2280682,0.469010276,non-significant,S212N
S,212,P,0.769923204,0.133516375,0.231432261,non-significant,S212P
S,212,Q,0.994822125,0.263329611,0.942475718,non-significant,S212Q
S,212,R,0.709921553,0.184273663,0.024597313,low_activity,S212R
S,212,T,1.008021116,0.289818856,0.81715304,non-significant,S212T
S,212,V,0.807688809,0.132166597,0.088439329,non-significant,S212V
S,212,W,0.718099037,0.207822367,0.002339465,low_activity,S212W
S,212,Y,0.710032067,0.089384227,0.000214315,low_activity,S212Y
S,213,A,0.718939534,0.263888191,0.21647109,non-significant,S213A
S,213,C,0.930958931,0.516979984,0.677054426,non-significant,S213C
S,213,D,1.2827956,0.229949111,0.147343966,non-significant,S213D
S,213,E,1.250447657,0.336810264,0.040138038,high_activity,S213E
S,213,F,0.641580735,0.196989899,0.00775703,low_activity,S213F
S,213,G,1.076081046,0.116711735,0.659021927,non-significant,S213G
S,213,H,0.814193244,0.07460772,0.282702709,non-significant,S213H
S,213,I,0.686126875,0.179331371,0.013244072,low_activity,S213I
S,213,K,0.895844489,0.122499633,0.109806462,non-significant,S213K
S,213,L,0.670005662,0.166577494,0.020398138,low_activity,S213L
S,213,M,0.741370085,0.215525715,0.029991616,low_activity,S213M
S,213,N,1.053043425,0.176806269,0.870419077,non-significant,S213N
S,213,P,0.907360299,0.245931805,0.954040899,non-significant,S213P
S,213,Q,1.032315483,0.127211187,0.954342137,non-significant,S213Q
S,213,R,0.784070406,0.098491497,0.027945672,low_activity,S213R
S,213,T,0.833925346,0.124354067,0.139385609,non-significant,S213T
S,213,V,0.688279907,0.222217128,0.020613319,low_activity,S213V
S,213,W,0.627614719,0.186472031,0.001659063,low_activity,S213W
S,213,Y,0.756498678,0.215142937,0.206532149,non-significant,S213Y
Y,214,C,1.081571016,0.212183984,0.403053869,non-significant,Y214C
Y,214,D,1.623287756,0.297376119,0.048093095,high_activity,Y214D
Y,214,E,1.449290261,0.227416708,0.000220279,high_activity,Y214E
Y,214,F,0.980074448,0.297958256,0.992843971,non-significant,Y214F
Y,214,G,1.144877717,0.108314324,0.301687797,non-significant,Y214G
Y,214,H,1.337771068,0.169233911,0.000745082,high_activity,Y214H
Y,214,I,1.022417033,0.16894788,0.920013811,non-significant,Y214I
Y,214,K,1.015287711,0.171267484,0.734569061,non-significant,Y214K
Y,214,L,0.875325035,0.153032826,0.590003543,non-significant,Y214L
Y,214,M,1.154094358,0.242412955,0.224277063,non-significant,Y214M
Y,214,N,1.321929321,0.096423294,0.024643092,high_activity,Y214N
Y,214,P,1.278260003,0.101796944,0.025711242,high_activity,Y214P
Y,214,Q,1.209308307,0.0835744,0.017147787,high_activity,Y214Q
Y,214,R,0.954303226,0.17779865,0.806521108,non-significant,Y214R
Y,214,S,1.362332147,0.193818773,0.000391187,high_activity,Y214S
Y,214,T,1.260510923,0.401755619,0.245506371,non-significant,Y214T
Y,214,V,1.181568084,0.268392515,0.125087918,non-significant,Y214V
Y,214,W,0.937140444,0.163912711,0.660165075,non-significant,Y214W
F,215,A,1.245455614,0.077516708,0.022047031,high_activity,F215A
F,215,C,1.258399402,0.168780857,0.017965754,high_activity,F215C
F,215,D,1.418949967,0.181606859,7.72494e-05,high_activity,F215D
F,215,E,1.470191834,0.3400738,0.000694538,high_activity,F215E
F,215,G,1.368429543,0.35270721,0.001757412,high_activity,F215G
F,215,H,1.424604159,0.235546972,5.32403e-05,high_activity,F215H
F,215,I,1.097115826,0.255517927,0.800775922,non-significant,F215I
F,215,K,1.035632341,0.195008407,0.676484667,non-significant,F215K
F,215,L,1.15198439,0.137092847,0.205876847,non-significant,F215L
F,215,M,1.189993437,0.125172214,0.032598746,high_activity,F215M
F,215,N,1.451355147,0.090576046,1.81e-06,high_activity,F215N
F,215,P,1.318957878,0.12411839,0.029446349,high_activity,F215P
F,215,Q,1.682206069,0.188287461,1.65e-06,high_activity,F215Q
F,215,R,1.142231178,0.358336495,0.081674486,non-significant,F215R
F,215,S,1.350037832,0.109147688,0.00020625,high_activity,F215S
F,215,T,1.350435919,0.129098465,0.000149905,high_activity,F215T
F,215,V,1.117542873,0.061198299,0.585774752,non-significant,F215V
F,215,Y,1.161921176,0.268362828,0.292619726,non-significant,F215Y
S,216,A,0.934430653,0.120631856,0.809545679,non-significant,S216A
S,216,C,0.879735443,0.120812605,0.270258832,non-significant,S216C
S,216,D,1.284245383,0.039092128,0.003603752,high_activity,S216D
S,216,E,1.177214181,0.07148875,0.184403492,non-significant,S216E
S,216,F,0.812100886,0.217232502,0.013480947,low_activity,S216F
S,216,G,0.986042364,0.12795838,0.579707405,non-significant,S216G
S,216,H,0.936013089,0.075493584,0.783806982,non-significant,S216H
S,216,I,0.652034481,0.364507162,0.077236062,non-significant,S216I
S,216,K,0.740480934,0.187633042,0.204162023,non-significant,S216K
S,216,L,0.627484164,0.211287714,0.020384223,low_activity,S216L
S,216,M,0.841238164,0.110488268,0.081441295,non-significant,S216M
S,216,N,1.039063768,0.119581715,0.824298469,non-significant,S216N
S,216,P,1.011297541,0.170032454,0.921288764,non-significant,S216P
S,216,Q,0.966773231,0.171956118,0.903914109,non-significant,S216Q
S,216,R,0.929213441,0.3352749,0.477206461,non-significant,S216R
S,216,T,0.964137557,0.191131623,0.789496358,non-significant,S216T
S,216,V,0.516942716,0.102181056,4.37e-07,low_activity,S216V
S,216,Y,0.533925251,0.129079163,0.000181266,low_activity,S216Y
G,217,C,0.838768136,0.254917809,0.550880929,non-significant,G217C
G,217,D,1.351040041,0.240259289,0.021617925,high_activity,G217D
G,217,E,1.0178423,0.218338135,0.923335954,non-significant,G217E
G,217,F,0.779163223,0.186962277,0.097116924,non-significant,G217F
G,217,H,0.918332966,0.121546443,0.819008084,non-significant,G217H
G,217,I,0.853578741,0.079660921,0.106118253,non-significant,G217I
G,217,K,0.901029854,0.341977148,0.910324722,non-significant,G217K
G,217,M,0.588856817,0.109636832,0.006273948,low_activity,G217M
G,217,N,0.937381713,0.124950785,0.97537778,non-significant,G217N
G,217,P,0.756237808,0.380431303,0.043262925,low_activity,G217P
G,217,Q,1.104533624,0.212507035,0.122014032,non-significant,G217Q
G,217,R,0.654006589,0.224020587,0.073612349,non-significant,G217R
G,217,S,1.095360303,0.139611867,0.87628206,non-significant,G217S
G,217,T,0.860582472,0.320445938,0.356967048,non-significant,G217T
G,217,V,0.666227061,0.132787901,0.000584078,low_activity,G217V
G,217,W,0.627569249,0.164524248,0.00095797,low_activity,G217W
G,217,Y,0.709705622,0.234282377,0.000779386,low_activity,G217Y
L,218,A,1.223350898,0.340016383,0.530983167,non-significant,L218A
L,218,C,1.296085921,0.354694,0.074270845,non-significant,L218C
L,218,D,1.403717804,0.188793526,0.004389639,high_activity,L218D
L,218,E,1.510943595,0.301442644,0.002084638,high_activity,L218E
L,218,F,0.858204854,0.219864586,0.285580051,non-significant,L218F
L,218,G,1.411315168,0.217743894,7.73153e-05,high_activity,L218G
L,218,H,1.372490275,0.082827173,0.020766249,high_activity,L218H
L,218,I,1.147863874,0.109320399,0.63442442,non-significant,L218I
L,218,K,0.972088083,0.578324133,0.877339527,non-significant,L218K
L,218,M,1.165410318,0.032161815,0.225577025,non-significant,L218M
L,218,N,1.570772186,0.241533808,4.11e-06,high_activity,L218N
L,218,P,1.400983323,0.224558963,0.005073957,high_activity,L218P
L,218,Q,1.331616991,0.176583225,0.084160914,non-significant,L218Q
L,218,R,1.196138497,0.100635278,0.072957605,non-significant,L218R
L,218,S,1.426951204,0.167245203,0.004195252,high_activity,L218S
L,218,T,1.535212573,0.208796914,6.47e-06,high_activity,L218T
L,218,V,1.143691997,0.143682086,0.280398297,non-significant,L218V
L,218,W,0.887853039,0.186222237,0.608559486,non-significant,L218W
L,218,Y,1.109486412,0.2470049,0.902764368,non-significant,L218Y
D,219,A,0.779489319,0.192123945,0.032355998,low_activity,D219A
D,219,C,0.519219634,0.106273622,6.47e-06,low_activity,D219C
D,219,E,0.87665343,0.063552026,0.825119292,non-significant,D219E
D,219,F,0.489629985,0.158660695,0.003393503,low_activity,D219F
D,219,G,0.530918847,0.121517592,4.42771e-05,low_activity,D219G
D,219,H,0.657896401,0.178736273,0.003835353,low_activity,D219H
D,219,I,0.750934177,0.294667354,0.004634132,low_activity,D219I
D,219,K,0.626367596,0.155723848,0.001588819,low_activity,D219K
D,219,L,0.561180936,0.109085476,0.085159913,non-significant,D219L
D,219,M,0.721558889,0.183389466,0.071481439,non-significant,D219M
D,219,N,0.643030277,0.111186253,0.000946605,low_activity,D219N
D,219,P,0.762521433,0.18936457,0.221728783,non-significant,D219P
D,219,Q,0.689352761,0.29440354,0.001036264,low_activity,D219Q
D,219,R,0.576889403,0.201911164,0.000123743,low_activity,D219R
D,219,S,0.655022419,0.384064367,0.042437589,low_activity,D219S
D,219,T,0.683433289,0.160186636,0.009217581,low_activity,D219T
D,219,V,0.557865954,0.245236889,0.00793349,low_activity,D219V
D,219,Y,0.601513268,0.216608853,0.00111552,low_activity,D219Y
P,220,A,0.893792184,0.252429624,0.386893077,non-significant,P220A
P,220,C,0.687498245,0.067215331,0.004532211,low_activity,P220C
P,220,D,1.141497117,0.202686542,0.690547586,non-significant,P220D
P,220,E,1.199794368,0.187750298,0.266120855,non-significant,P220E
P,220,F,0.59575596,0.096400909,0.000232383,low_activity,P220F
P,220,G,1.069865068,0.204195097,0.507230517,non-significant,P220G
P,220,H,0.906499939,0.183660646,0.639574336,non-significant,P220H
P,220,I,0.539383861,0.168037339,0.00154364,low_activity,P220I
P,220,K,0.682153568,0.200633416,0.000501196,low_activity,P220K
P,220,L,0.783609952,0.243287324,0.022545254,low_activity,P220L
P,220,M,0.451182925,0.063428204,2.43e-07,low_activity,P220M
P,220,N,0.856214001,0.285958067,0.55893779,non-significant,P220N
P,220,Q,1.076524556,0.20904764,0.520370228,non-significant,P220Q
P,220,R,0.801180872,0.201541049,0.114622175,non-significant,P220R
P,220,S,0.965144766,0.048535966,0.941408279,non-significant,P220S
P,220,T,0.976736167,0.139537902,0.95223963,non-significant,P220T
P,220,V,0.63216445,0.108086684,0.000428984,low_activity,P220V
P,220,W,0.759420272,0.240672562,0.00835901,low_activity,P220W
P,220,Y,0.507957237,0.201979015,3.47378e-05,low_activity,P220Y
Y,221,C,1.210720519,0.16338155,0.012219221,high_activity,Y221C
Y,221,D,1.370364627,0.248125935,0.000378084,high_activity,Y221D
Y,221,E,1.361281569,0.31003855,0.139147996,non-significant,Y221E
Y,221,F,0.909506402,0.154117442,0.338144512,non-significant,Y221F
Y,221,G,1.309460177,0.200242007,0.015579989,high_activity,Y221G
Y,221,H,1.222531005,0.233148124,0.198099903,non-significant,Y221H
Y,221,I,0.931672679,0.161731979,0.68640833,non-significant,Y221I
Y,221,K,1.022186548,0.245950705,0.597257269,non-significant,Y221K
Y,221,L,1.005273314,0.348919567,0.594370634,non-significant,Y221L
Y,221,M,1.130087928,0.373148059,0.748997962,non-significant,Y221M
Y,221,N,1.54745059,0.283435381,0.001355667,high_activity,Y221N
Y,221,P,1.339496062,0.189518618,0.007841451,high_activity,Y221P
Y,221,R,0.938383921,0.15166129,0.669447304,non-significant,Y221R
Y,221,S,1.209647683,0.058598989,0.03777555,high_activity,Y221S
Y,221,T,1.329949898,0.093297593,0.010583634,high_activity,Y221T
Y,221,V,1.114423298,0.202532133,0.067339079,non-significant,Y221V
Y,221,W,0.999318536,0.15110856,0.997632763,non-significant,Y221W
L,222,A,1.45777792,0.341180941,0.000232383,high_activity,L222A
L,222,D,1.602441879,0.195427829,0.000745082,high_activity,L222D
L,222,E,1.289232845,0.197129803,0.014391354,high_activity,L222E
L,222,F,0.832765385,0.197614871,0.12402553,non-significant,L222F
L,222,G,1.225377251,0.209235209,0.11350531,non-significant,L222G
L,222,H,1.293164407,0.097659345,0.066933126,non-significant,L222H
L,222,I,0.960484834,0.234246682,0.950699136,non-significant,L222I
L,222,K,1.135728625,0.180088607,0.153164034,non-significant,L222K
L,222,M,0.916608426,0.200410529,0.086338126,non-significant,L222M
L,222,N,1.271780711,0.192989126,0.1480715,non-significant,L222N
L,222,P,1.519906369,0.217893855,0.00029962,high_activity,L222P
L,222,Q,1.537693769,0.571352216,0.000801388,high_activity,L222Q
L,222,R,0.915497666,0.092951278,0.755920697,non-significant,L222R
L,222,S,1.399962993,0.257392255,0.000265921,high_activity,L222S
L,222,T,1.400046779,0.414420014,0.130868476,non-significant,L222T
L,222,V,1.173620005,0.190505835,0.096275695,non-significant,L222V
L,222,W,0.774325452,0.221018593,0.070931827,non-significant,L222W
S,223,A,0.98722191,0.063276292,0.917417025,non-significant,S223A
S,223,C,0.916527047,0.167470812,0.370598189,non-significant,S223C
S,223,D,1.031394963,0.339387827,0.760210427,non-significant,S223D
S,223,E,1.2736049,0.14115551,0.082983142,non-significant,S223E
S,223,F,0.675625086,0.14335675,0.003974427,low_activity,S223F
S,223,G,0.970684456,0.194206783,0.904301934,non-significant,S223G
S,223,H,0.902993553,0.121871946,0.756269,non-significant,S223H
S,223,I,0.616113298,0.22628906,0.001767286,low_activity,S223I
S,223,K,0.96783637,0.159869118,0.303620009,non-significant,S223K
S,223,L,0.48237863,0.080296928,0.001693581,low_activity,S223L
S,223,M,0.768657335,0.237001388,0.114071712,non-significant,S223M
S,223,N,1.207848061,0.185888176,0.014330811,high_activity,S223N
S,223,P,1.022735481,0.109204247,0.53460026,non-significant,S223P
S,223,Q,1.003859982,0.181064097,0.942809887,non-significant,S223Q
S,223,R,0.711747098,0.090827372,0.001678897,low_activity,S223R
S,223,T,0.936000478,0.05800069,0.809191545,non-significant,S223T
S,223,Y,0.730389714,0.163738829,0.000464897,low_activity,S223Y
P,224,A,0.868448442,0.164606349,0.284736341,non-significant,P224A
P,224,C,0.734217717,0.115960805,0.013600336,low_activity,P224C
P,224,D,1.230163256,0.121316563,0.191017997,non-significant,P224D
P,224,E,1.217591422,0.09596065,0.047616347,high_activity,P224E
P,224,F,0.619418464,0.176307623,0.000194845,low_activity,P224F
P,224,G,0.750060447,0.086170252,0.032354696,low_activity,P224G
P,224,H,0.952690445,0.312959299,0.436710656,non-significant,P224H
P,224,I,0.662875789,0.267180495,0.054940025,non-significant,P224I
P,224,K,0.870485035,0.156619813,0.185877134,non-significant,P224K
P,224,L,0.80926545,0.05693369,0.131537641,non-significant,P224L
P,224,M,0.613219167,0.10392004,0.001175036,low_activity,P224M
P,224,N,1.002852685,0.182987318,0.97838627,non-significant,P224N
P,224,Q,1.105812928,0.054877463,0.756341918,non-significant,P224Q
P,224,R,0.65364634,0.120186081,6.47e-06,low_activity,P224R
P,224,S,0.683283819,0.264837197,0.047878861,low_activity,P224S
P,224,T,0.795426822,0.216676091,0.017640828,low_activity,P224T
P,224,V,0.59132095,0.03979427,2.23e-07,low_activity,P224V
P,224,W,0.49289509,0.237476676,5.04e-07,low_activity,P224W
P,224,Y,0.744809047,0.172878659,0.028237783,low_activity,P224Y
M,225,A,1.214912492,0.132165792,0.063977504,non-significant,M225A
M,225,C,0.969254621,0.203341155,0.789065989,non-significant,M225C
M,225,D,1.242228335,0.135526922,0.045593544,high_activity,M225D
M,225,E,1.282675047,0.101144189,0.011758561,high_activity,M225E
M,225,F,0.778335045,0.157246645,0.35398494,non-significant,M225F
M,225,G,1.384790085,0.194418029,0.000411708,high_activity,M225G
M,225,H,1.195147396,0.06772656,0.00871824,high_activity,M225H
M,225,I,1.007275623,0.142356061,0.713091184,non-significant,M225I
M,225,K,1.11594701,0.132958627,0.07153706,non-significant,M225K
M,225,L,0.757287654,0.148437128,0.020270095,low_activity,M225L
M,225,N,1.335997959,0.133582633,0.013020068,high_activity,M225N
M,225,P,1.334581495,0.244479681,0.029077619,high_activity,M225P
M,225,Q,1.472290661,0.329343247,0.000232383,high_activity,M225Q
M,225,R,0.803234108,0.090647286,0.124763328,non-significant,M225R
M,225,S,1.25532059,0.147521314,0.0749218,non-significant,M225S
M,225,T,1.368052626,0.224272387,0.020980817,high_activity,M225T
M,225,V,1.012321626,0.152145859,0.539614983,non-significant,M225V
M,225,W,0.774622215,0.187581914,0.065867588,non-significant,M225W
M,225,Y,0.949166847,0.274677684,0.952291442,non-significant,M225Y
V,226,A,1.220739156,0.100964111,0.113029907,non-significant,V226A
V,226,C,1.437207651,0.249539288,0.05249213,non-significant,V226C
V,226,D,1.214058711,0.204714471,0.156805708,non-significant,V226D
V,226,E,1.36752079,0.282662661,0.000546724,high_activity,V226E
V,226,F,0.646352314,0.213925138,0.025579334,low_activity,V226F
V,226,G,1.405176943,0.293088127,0.071481439,non-significant,V226G
V,226,H,0.926836181,0.17571356,0.858331521,non-significant,V226H
V,226,I,0.766584237,0.113838172,0.001127127,low_activity,V226I
V,226,K,1.018698541,0.406029202,0.797230725,non-significant,V226K
V,226,L,0.906717826,0.158688683,0.34857131,non-significant,V226L
V,226,M,0.970668055,0.095758104,0.987630676,non-significant,V226M
V,226,N,1.182726326,0.025609395,0.309455902,non-significant,V226N
V,226,P,1.165872378,0.18147111,0.15531051,non-significant,V226P
V,226,Q,1.381100587,0.152394813,0.001708866,high_activity,V226Q
V,226,R,0.852381224,0.198123847,0.065616744,non-significant,V226R
V,226,S,1.143353925,0.164559724,0.667125736,non-significant,V226S
V,226,T,1.083499922,0.155806944,0.764200302,non-significant,V226T
V,226,W,0.655506129,0.207265427,0.111664181,non-significant,V226W
V,226,Y,0.846847019,0.170322075,0.127110571,non-significant,V226Y
P,227,A,0.792052716,0.203037824,0.008896903,low_activity,P227A
P,227,C,0.650228185,0.103920164,0.000227116,low_activity,P227C
P,227,D,1.364726024,0.141129206,0.012155485,high_activity,P227D
P,227,E,1.101073104,0.053503483,0.360679625,non-significant,P227E
P,227,F,0.634664799,0.09773416,0.010339799,low_activity,P227F
P,227,G,0.805598526,0.216448989,0.265603047,non-significant,P227G
P,227,H,0.837297929,0.175174918,0.066972705,non-significant,P227H
P,227,I,0.77818771,0.208992399,0.075872738,non-significant,P227I
P,227,K,0.855624286,0.16618337,0.046830658,low_activity,P227K
P,227,L,0.594094286,0.099486556,5.94e-06,low_activity,P227L
P,227,M,0.682156759,0.077356022,0.000897408,low_activity,P227M
P,227,N,1.301725817,0.134841766,0.018434918,high_activity,P227N
P,227,Q,0.916034301,0.203653912,0.82531351,non-significant,P227Q
P,227,S,0.952360805,0.278541679,0.868151392,non-significant,P227S
P,227,T,0.895481079,0.233100106,0.240537699,non-significant,P227T
P,227,V,0.553544395,0.077984931,0.000862899,low_activity,P227V
P,227,W,0.666013718,0.066303284,4.65e-06,low_activity,P227W
P,227,Y,0.671675911,0.218757704,0.000305827,low_activity,P227Y
Q,228,A,0.8351851,0.221279973,0.443313276,non-significant,Q228A
Q,228,C,0.68089389,0.074466934,0.00348368,low_activity,Q228C
Q,228,D,1.107381459,0.179898675,0.655630439,non-significant,Q228D
Q,228,E,1.197911832,0.193581856,0.038905696,high_activity,Q228E
Q,228,F,0.57337392,0.08748446,3.33592e-05,low_activity,Q228F
Q,228,G,0.96836211,0.052332281,0.92198577,non-significant,Q228G
Q,228,H,0.756622669,0.146502103,0.002297667,low_activity,Q228H
Q,228,I,0.685776219,0.164162924,0.008126114,low_activity,Q228I
Q,228,K,0.788549564,0.027633593,0.001058228,low_activity,Q228K
Q,228,L,0.571362437,0.161121433,0.008865853,low_activity,Q228L
Q,228,M,0.664625673,0.095054618,9.33e-06,low_activity,Q228M
Q,228,N,0.990940656,0.289838156,0.312041657,non-significant,Q228N
Q,228,P,0.874556521,0.346623687,0.762967169,non-significant,Q228P
Q,228,R,0.603784998,0.195109662,0.000567759,low_activity,Q228R
Q,228,S,1.046531345,0.175496677,0.466207845,non-significant,Q228S
Q,228,T,0.759046979,0.156948351,0.037485219,low_activity,Q228T
Q,228,V,0.6946277,0.30755803,0.117523368,non-significant,Q228V
Q,228,W,0.609233583,0.081166968,0.000176951,low_activity,Q228W
Q,228,Y,0.624418409,0.201920575,4.34227e-05,low_activity,Q228Y
L,229,A,1.207643167,0.186567365,0.105921013,non-significant,L229A
L,229,C,1.109002504,0.058073767,0.385628369,non-significant,L229C
L,229,D,1.227605236,0.302629417,0.117342128,non-significant,L229D
L,229,E,1.245176127,0.254144465,0.331917723,non-significant,L229E
L,229,F,1.119045422,0.51939194,0.384861124,non-significant,L229F
L,229,G,1.090982853,0.303985179,0.845223635,non-significant,L229G
L,229,H,1.129718363,0.160881554,0.673698207,non-significant,L229H
L,229,I,0.845767189,0.292072549,0.549652289,non-significant,L229I
L,229,K,1.114664862,0.302717907,0.636067268,non-significant,L229K
L,229,M,1.075143794,0.182985644,0.437535406,non-significant,L229M
L,229,N,1.30903371,0.223702915,6.0276e-05,high_activity,L229N
L,229,P,1.223103001,0.215754233,0.026227129,high_activity,L229P
L,229,Q,1.275324582,0.315609809,0.051618965,non-significant,L229Q
L,229,S,1.062562662,0.149057141,0.738111312,non-significant,L229S
L,229,T,1.134455327,0.046585982,0.480716324,non-significant,L229T
L,229,V,1.060499506,0.095134354,0.56304922,non-significant,L229V
L,229,W,0.828662956,0.330646276,0.074938879,non-significant,L229W
L,229,Y,1.03094075,0.11515209,0.743843364,non-significant,L229Y
G,230,C,0.651346298,0.153505756,0.002084946,low_activity,G230C
G,230,D,1.125901279,0.082091811,0.184403492,non-significant,G230D
G,230,E,1.136718501,0.489643701,0.914528436,non-significant,G230E
G,230,H,0.743739054,0.154533612,0.007647446,low_activity,G230H
G,230,I,0.657638165,0.21542244,0.007758048,low_activity,G230I
G,230,K,0.944777118,0.222638254,0.241293811,non-significant,G230K
G,230,L,0.729868857,0.309791344,0.050514225,non-significant,G230L
G,230,M,0.731315597,0.18969253,0.066175149,non-significant,G230M
G,230,N,1.0595176,0.272416839,0.105921013,non-significant,G230N
G,230,P,1.056411859,0.251643784,0.616862016,non-significant,G230P
G,230,Q,1.164009181,0.134099965,0.264888459,non-significant,G230Q
G,230,R,0.612048927,0.072879159,0.0042391,low_activity,G230R
G,230,S,1.233938817,0.216304861,0.055362886,non-significant,G230S
G,230,T,1.064049623,0.214572651,0.46695757,non-significant,G230T
G,230,V,0.549880885,0.122096458,0.002699293,low_activity,G230V
G,230,W,0.495300774,0.084590074,0.000618112,low_activity,G230W
G,230,Y,0.478388898,0.080695887,1.24e-06,low_activity,G230Y
G,231,C,0.696692749,0.254634209,0.003512479,low_activity,G231C
G,231,D,1.110043315,0.410816655,0.426222605,non-significant,G231D
G,231,E,1.268018935,0.207891494,0.030610827,high_activity,G231E
G,231,F,0.629725979,0.120145523,0.008492853,low_activity,G231F
G,231,I,0.660465131,0.32713491,0.030886914,low_activity,G231I
G,231,K,0.8363204,0.348797129,0.321621064,non-significant,G231K
G,231,L,0.509830509,0.148122103,1.34e-06,low_activity,G231L
G,231,M,0.900059245,0.138334059,0.081709589,non-significant,G231M
G,231,N,1.182197625,0.257150384,0.242410677,non-significant,G231N
G,231,P,1.046268673,0.246684634,0.798275928,non-significant,G231P
G,231,Q,1.410603481,0.345269524,0.014128899,high_activity,G231Q
G,231,R,0.680502253,0.206860336,0.006626151,low_activity,G231R
G,231,S,1.14449752,0.1961912,0.760871198,non-significant,G231S
G,231,T,0.778856022,0.244885395,0.445160602,non-significant,G231T
G,231,V,0.751642461,0.133343606,0.042350661,low_activity,G231V
G,231,W,0.597918346,0.158075046,0.003534338,low_activity,G231W
G,231,Y,0.613261864,0.10630349,0.000198666,low_activity,G231Y
P,232,A,0.926043438,0.234462361,0.89598387,non-significant,P232A
P,232,C,0.807189159,0.136643692,0.253291955,non-significant,P232C
P,232,D,1.133086128,0.239458543,0.469060443,non-significant,P232D
P,232,E,1.344538754,0.14335984,0.190895862,non-significant,P232E
P,232,G,1.104454945,0.299251873,0.744908399,non-significant,P232G
P,232,H,0.51895721,0.174565066,0.000231369,low_activity,P232H
P,232,I,0.613012439,0.081496092,0.003290782,low_activity,P232I
P,232,K,0.639019248,0.341353844,0.021459925,low_activity,P232K
P,232,L,0.618917799,0.116850892,0.000474716,low_activity,P232L
P,232,M,0.789544381,0.264445699,0.036740393,low_activity,P232M
P,232,N,0.988518105,0.357743671,0.472407203,non-significant,P232N
P,232,Q,1.032418304,0.282769026,0.612223903,non-significant,P232Q
P,232,R,1.025338991,0.112058028,0.589353887,non-significant,P232R
P,232,S,1.291045008,0.279330774,0.129060208,non-significant,P232S
P,232,T,1.017008861,0.440241937,0.417555816,non-significant,P232T
P,232,Y,0.523896933,0.187514367,0.000330183,low_activity,P232Y
A,233,C,1.004104251,0.349878593,0.847690206,non-significant,A233C
A,233,D,1.158209419,0.270614584,0.590363615,non-significant,A233D
A,233,F,0.605650325,0.168374227,0.007178458,low_activity,A233F
A,233,G,1.143898942,0.183187582,0.01207591,high_activity,A233G
A,233,K,0.955777542,0.455845961,0.480216083,non-significant,A233K
A,233,M,0.914619807,0.202230227,0.586619324,non-significant,A233M
A,233,N,0.710653518,0.253127296,0.11398991,non-significant,A233N
A,233,P,1.062864633,0.328928453,0.926661691,non-significant,A233P
L,234,R,0.989503866,0.212045586,0.874138717,non-significant,L234R
S,235,A,0.906391514,0.170646447,0.389597775,non-significant,S235A
S,235,D,1.254581468,0.156325563,0.018411232,high_activity,S235D
S,235,E,0.991655315,0.152436,0.992888346,non-significant,S235E
S,235,F,0.677610593,0.227465374,5.06244e-05,low_activity,S235F
S,235,G,0.928648297,0.159943762,0.921832677,non-significant,S235G
S,235,H,0.764415141,0.196273218,0.003619456,low_activity,S235H
S,235,I,0.546893346,0.183571717,4.31e-06,low_activity,S235I
S,235,K,0.71779362,0.157801651,0.013649485,low_activity,S235K
S,235,L,0.610248021,0.089167999,0.000333069,low_activity,S235L
S,235,M,0.837234827,0.122699348,0.335913183,non-significant,S235M
S,235,N,1.207779567,0.164992634,0.321784584,non-significant,S235N
S,235,P,0.942874553,0.093874726,0.880197346,non-significant,S235P
S,235,Q,1.148753645,0.317492942,0.422956352,non-significant,S235Q
S,235,R,0.802566081,0.116463913,0.263715286,non-significant,S235R
S,235,T,0.856366993,0.1365285,0.110862757,non-significant,S235T
S,235,V,0.549075206,0.166882704,0.00064003,low_activity,S235V
S,235,Y,0.71313558,0.075971229,0.001789187,low_activity,S235Y
P,236,A,0.661492201,0.271678304,0.047178222,low_activity,P236A
P,236,C,0.613128521,0.169385986,0.000815124,low_activity,P236C
P,236,D,1.290056202,0.267375808,0.111543078,non-significant,P236D
P,236,E,1.196394145,0.338988704,0.312787907,non-significant,P236E
P,236,F,0.7563703,0.170290736,0.17108225,non-significant,P236F
P,236,G,1.071680897,0.060428572,0.620047789,non-significant,P236G
P,236,H,0.822310292,0.182578568,0.301687797,non-significant,P236H
P,236,I,0.673968183,0.086561086,0.035739956,low_activity,P236I
P,236,L,0.55351183,0.100609438,5.71743e-05,low_activity,P236L
P,236,M,0.676848637,0.129115053,0.000914291,low_activity,P236M
P,236,N,0.999786079,0.026233837,0.96232592,non-significant,P236N
P,236,Q,1.056199558,0.080118119,0.873671282,non-significant,P236Q
P,236,R,0.766039886,0.223877123,0.030405745,low_activity,P236R
P,236,S,0.99542074,0.34449455,0.965876868,non-significant,P236S
P,236,T,0.922396234,0.075104622,0.221540005,non-significant,P236T
P,236,V,0.622230861,0.147087202,0.041487915,low_activity,P236V
P,236,W,0.644630928,0.299755171,0.005322731,low_activity,P236W
P,236,Y,0.591215077,0.137419888,9.52132e-05,low_activity,P236Y
L,237,A,1.177660257,0.114734707,0.189988217,non-significant,L237A
L,237,D,1.244395546,0.217249155,0.002848947,high_activity,L237D
L,237,E,1.875272139,0.640074396,0.001110615,high_activity,L237E
L,237,F,0.897448415,0.115168662,0.718095227,non-significant,L237F
L,237,G,1.126505547,0.116581383,0.216940392,non-significant,L237G
L,237,H,1.232698608,0.08830833,0.148809002,non-significant,L237H
L,237,I,1.0113046,0.192500198,0.599369417,non-significant,L237I
L,237,K,1.100191332,0.099723416,0.715439457,non-significant,L237K
L,237,M,1.250622218,0.270621262,0.424026081,non-significant,L237M
L,237,N,1.096101365,0.138204488,0.177109623,non-significant,L237N
L,237,P,1.229956779,0.311716398,0.222478785,non-significant,L237P
L,237,Q,1.121109421,0.10122964,0.174024614,non-significant,L237Q
L,237,R,1.180234992,0.174369516,0.379741826,non-significant,L237R
L,237,T,1.338705852,0.231050493,0.074938879,non-significant,L237T
L,237,V,1.04853881,0.208742978,0.925000587,non-significant,L237V
L,237,W,0.745678492,0.103923838,0.000750527,low_activity,L237W
L,237,Y,1.196250731,0.360567635,0.170829702,non-significant,L237Y
S,238,A,0.976943873,0.181159214,0.465938184,non-significant,S238A
S,238,C,0.581571481,0.26793672,0.043773413,low_activity,S238C
S,238,D,1.20410637,0.118239602,0.074614471,non-significant,S238D
S,238,F,0.489403129,0.127287251,2.49e-06,low_activity,S238F
S,238,G,1.03411919,0.229655609,0.498598238,non-significant,S238G
S,238,H,0.891985575,0.162634089,0.505721838,non-significant,S238H
S,238,I,0.576819395,0.100991186,0.000564009,low_activity,S238I
S,238,L,0.899982184,0.249222469,0.634679563,non-significant,S238L
S,238,M,0.931456428,0.230653273,0.956171914,non-significant,S238M
S,238,N,1.131751093,0.165520145,0.491124964,non-significant,S238N
S,238,P,1.241248129,0.280153773,0.009973147,high_activity,S238P
S,238,Q,0.884307663,0.19027979,0.274551657,non-significant,S238Q
S,238,R,0.91466017,0.273270864,0.41320666,non-significant,S238R
S,238,T,1.013289216,0.205816367,0.711260186,non-significant,S238T
S,238,V,0.77330003,0.214991757,0.129894988,non-significant,S238V
S,238,W,0.747396171,0.283115217,0.03601282,low_activity,S238W
S,238,Y,0.759635602,0.117778469,0.018117709,low_activity,S238Y
G,239,A,1.068507238,0.176053125,0.414931888,non-significant,G239A
G,239,C,0.862469358,0.428106488,0.314479628,non-significant,G239C
G,239,D,1.265638966,0.060136815,0.015744658,high_activity,G239D
G,239,E,1.179903026,0.079230773,0.025511031,high_activity,G239E
G,239,F,0.583893595,0.228024882,0.001589428,low_activity,G239F
G,239,H,0.720022865,0.094265222,0.091951924,non-significant,G239H
G,239,K,0.915863171,0.138603124,0.262035202,non-significant,G239K
G,239,L,0.819484098,0.136138578,0.372532871,non-significant,G239L
G,239,M,1.002701806,0.209021433,0.909508015,non-significant,G239M
G,239,N,0.965042457,0.177679654,0.966257488,non-significant,G239N
G,239,P,1.009557912,0.161852689,0.677684137,non-significant,G239P
G,239,Q,0.97057737,0.15867594,0.99634418,non-significant,G239Q
G,239,R,0.577926502,0.101702511,0.000229187,low_activity,G239R
G,239,S,1.070271172,0.15261941,0.690746933,non-significant,G239S
G,239,T,0.981335403,0.196978376,0.744660026,non-significant,G239T
G,239,V,0.831377471,0.259403084,0.251448998,non-significant,G239V
G,239,W,0.748943761,0.229892876,0.007566558,low_activity,G239W
G,239,Y,0.742756659,0.268679977,0.005388695,low_activity,G239Y
P,240,A,1.048518142,0.095245638,0.753792319,non-significant,P240A
P,240,C,0.913995429,0.206914717,0.518634217,non-significant,P240C
P,240,D,1.378237765,0.629946239,0.194838685,non-significant,P240D
P,240,E,1.178935045,0.06650438,0.137131073,non-significant,P240E
P,240,F,0.657338484,0.072940958,0.001692839,low_activity,P240F
P,240,G,1.247649402,0.255157577,0.174389275,non-significant,P240G
P,240,H,0.951866983,0.145664586,0.904301934,non-significant,P240H
P,240,I,0.70613397,0.024021937,0.014919931,low_activity,P240I
P,240,K,0.983063864,0.209421652,0.902798046,non-significant,P240K
P,240,L,0.722447662,0.289807789,0.34857131,non-significant,P240L
P,240,M,0.689310807,0.183419239,0.019905627,low_activity,P240M
P,240,N,0.925805495,0.326093508,0.375213461,non-significant,P240N
P,240,Q,0.887820018,0.123236853,0.451591938,non-significant,P240Q
P,240,R,0.729239305,0.260336983,0.018015254,low_activity,P240R
P,240,S,1.088659917,0.213168547,0.222444101,non-significant,P240S
P,240,T,0.941633119,0.084367255,0.142632322,non-significant,P240T
P,240,V,0.668090856,0.093058343,0.000747328,low_activity,P240V
P,240,W,0.557635769,0.107686306,0.003091353,low_activity,P240W
P,240,Y,0.662184356,0.182784143,0.003100401,low_activity,P240Y
S,241,C,0.83693136,0.238034242,0.17621705,non-significant,S241C
S,241,D,1.207493946,0.082852372,0.069775514,non-significant,S241D
S,241,F,0.631602199,0.075342954,0.000596144,low_activity,S241F
S,241,H,0.917406056,0.075452377,0.938738004,non-significant,S241H
S,241,I,0.73024186,0.161624986,0.002461434,low_activity,S241I
S,241,K,0.73104857,0.084118079,0.007579074,low_activity,S241K
S,241,L,0.667236329,0.107615787,0.001946273,low_activity,S241L
S,241,M,0.829389922,0.075297733,0.048512455,low_activity,S241M
S,241,N,0.974452595,0.123775665,0.986470865,non-significant,S241N
S,241,P,1.03796324,0.10569855,0.787120125,non-significant,S241P
S,241,Q,1.143266641,0.185325518,0.535820764,non-significant,S241Q
S,241,R,0.702774062,0.076020296,0.004065968,low_activity,S241R
S,241,T,0.903649727,0.081077914,0.433229459,non-significant,S241T
S,241,V,0.872951826,0.121118294,0.077649508,non-significant,S241V
S,241,W,0.557071779,0.023264383,8.16006e-05,low_activity,S241W
S,241,Y,0.66846799,0.085749641,3.75815e-05,low_activity,S241Y
V,242,A,1.129335718,0.131649029,0.282894719,non-significant,V242A
V,242,C,1.228199194,0.35034013,0.136884978,non-significant,V242C
V,242,D,1.198524303,0.108501762,0.194621896,non-significant,V242D
V,242,E,1.354295774,0.131574266,0.031916605,high_activity,V242E
V,242,F,0.8515409,0.178297717,0.243852546,non-significant,V242F
V,242,G,1.127731825,0.331824117,0.269416683,non-significant,V242G
V,242,H,0.976819338,0.131045004,0.85399963,non-significant,V242H
V,242,I,0.851768846,0.133513471,0.304147513,non-significant,V242I
V,242,K,0.865354515,0.169441481,0.189988217,non-significant,V242K
V,242,L,0.947250975,0.139061956,0.445156038,non-significant,V242L
V,242,M,0.789339021,0.12545523,0.063913497,non-significant,V242M
V,242,N,1.12141984,0.117029102,0.043151041,high_activity,V242N
V,242,Q,0.973731829,0.264283265,0.914528436,non-significant,V242Q
V,242,R,0.837883071,0.206146724,0.052809313,non-significant,V242R
V,242,S,1.173595612,0.176397144,0.366477057,non-significant,V242S
V,242,T,0.994012886,0.228848868,0.904145948,non-significant,V242T
V,242,W,0.657406367,0.101153306,0.01596031,low_activity,V242W
V,242,Y,0.814504845,0.230250079,0.013037382,low_activity,V242Y
G,243,A,1.057280875,0.047698968,0.629635209,non-significant,G243A
G,243,C,0.895977949,0.190647791,0.16022129,non-significant,G243C
G,243,D,1.147755642,0.249439464,0.427584626,non-significant,G243D
G,243,E,1.148500488,0.226533167,0.565036918,non-significant,G243E
G,243,F,0.723179345,0.252442902,0.00167154,low_activity,G243F
G,243,H,0.860344906,0.153435138,0.141501511,non-significant,G243H
G,243,I,0.743527317,0.095143331,0.00440893,low_activity,G243I
G,243,K,0.795983881,0.15029018,0.061030348,non-significant,G243K
G,243,L,0.706252395,0.100135395,0.060955093,non-significant,G243L
G,243,M,0.895235898,0.144290242,0.15531051,non-significant,G243M
G,243,P,1.061752229,0.254992128,0.616139751,non-significant,G243P
G,243,Q,0.975805266,0.19921237,0.880977181,non-significant,G243Q
G,243,R,0.838431008,0.124049234,0.0963908,non-significant,G243R
G,243,T,1.111149853,0.09243628,0.636084499,non-significant,G243T
G,243,V,0.812794527,0.128498315,0.234321957,non-significant,G243V
G,243,W,0.748372907,0.423434288,0.266835506,non-significant,G243W
G,243,Y,0.817900087,0.286260197,0.477021376,non-significant,G243Y
P,244,A,0.915936373,0.2570247,0.44554226,non-significant,P244A
P,244,C,0.762977703,0.100537176,0.363686941,non-significant,P244C
P,244,D,1.195273766,0.190986605,0.112524882,non-significant,P244D
P,244,E,1.222153539,0.30461248,0.020270095,high_activity,P244E
P,244,F,0.615505339,0.27262718,8.91811e-05,low_activity,P244F
P,244,G,1.031864219,0.343940471,0.784022308,non-significant,P244G
P,244,H,0.942331651,0.138133671,0.640807569,non-significant,P244H
P,244,I,0.741688955,0.094324591,0.001588819,low_activity,P244I
P,244,K,0.765247816,0.102107684,0.031851561,low_activity,P244K
P,244,L,0.716126472,0.317077708,0.210712041,non-significant,P244L
P,244,M,0.828396158,0.108767337,0.420532653,non-significant,P244M
P,244,N,0.900470938,0.083657457,0.584509637,non-significant,P244N
P,244,Q,1.001058589,0.413239626,0.921288764,non-significant,P244Q
P,244,R,0.784351729,0.074662781,0.055019524,non-significant,P244R
P,244,S,1.092003635,0.07479179,0.735887915,non-significant,P244S
P,244,T,1.055435956,0.083612536,0.424241951,non-significant,P244T
P,244,V,0.841817439,0.203432301,0.265112776,non-significant,P244V
P,244,W,0.72522444,0.178136235,0.01013864,low_activity,P244W
P,244,Y,0.851288793,0.235310138,0.071720865,non-significant,P244Y
S,245,A,0.853161628,0.270273698,0.320447324,non-significant,S245A
S,245,C,0.950434145,0.22727051,0.813765662,non-significant,S245C
S,245,D,1.391169367,0.186711647,0.010886255,high_activity,S245D
S,245,E,1.06998824,0.103657528,0.9292517,non-significant,S245E
S,245,F,0.684618583,0.218445788,0.001123511,low_activity,S245F
S,245,G,0.922446447,0.154021069,0.644856955,non-significant,S245G
S,245,H,0.874983709,0.131585022,0.24028952,non-significant,S245H
S,245,I,0.630279035,0.265971391,0.002010873,low_activity,S245I
S,245,K,0.933258196,0.349567045,0.959844847,non-significant,S245K
S,245,L,0.660362487,0.071529879,0.000432099,low_activity,S245L
S,245,M,0.959140945,0.126225914,0.8936542,non-significant,S245M
S,245,N,0.99775988,0.070205309,0.800775922,non-significant,S245N
S,245,P,1.203866023,0.270012052,0.18819071,non-significant,S245P
S,245,Q,1.027558694,0.201409681,0.392408817,non-significant,S245Q
S,245,R,0.626131066,0.178959642,0.008954076,low_activity,S245R
S,245,T,0.778019509,0.136113885,0.007624456,low_activity,S245T
S,245,V,0.725883746,0.103328392,0.008684399,low_activity,S245V
S,245,W,0.552415153,0.222931273,0.008586201,low_activity,S245W
S,245,Y,0.900840068,0.070834469,0.631948751,non-significant,S245Y
L,246,A,1.101015038,0.177172937,0.733720945,non-significant,L246A
L,246,C,1.190046501,0.175553035,0.12176668,non-significant,L246C
L,246,D,1.240593514,0.154911852,0.028389675,high_activity,L246D
L,246,E,1.204215687,0.040192595,0.16731306,non-significant,L246E
L,246,F,0.861296532,0.210608372,0.210442003,non-significant,L246F
L,246,G,0.94613156,0.261536057,0.880197346,non-significant,L246G
L,246,I,1.087456878,0.274075551,0.474386242,non-significant,L246I
L,246,K,0.917106976,0.119266402,0.811579932,non-significant,L246K
L,246,M,1.082617882,0.057926644,0.745636634,non-significant,L246M
L,246,N,1.294835248,0.141435505,0.076720169,non-significant,L246N
L,246,P,1.088414967,0.251543936,0.385384244,non-significant,L246P
L,246,Q,1.148808727,0.182539896,0.192904072,non-significant,L246Q
L,246,R,1.052418066,0.143719629,0.625105543,non-significant,L246R
L,246,S,1.159682117,0.099442753,0.045086892,high_activity,L246S
L,246,T,1.201549407,0.230688538,0.010636995,high_activity,L246T
L,246,V,1.058890241,0.248278049,0.841575481,non-significant,L246V
L,246,W,0.756049118,0.128332386,0.005667451,low_activity,L246W
L,246,Y,1.048902507,0.301263302,0.950699136,non-significant,L246Y
A,247,C,0.779299187,0.035708713,0.200402385,non-significant,A247C
A,247,D,1.038169508,0.26426639,0.857117922,non-significant,A247D
A,247,E,1.036003622,0.285546952,0.461982547,non-significant,A247E
A,247,F,0.587337136,0.099543047,0.000103385,low_activity,A247F
A,247,G,1.114417083,0.153680274,0.159327175,non-significant,A247G
A,247,H,0.92082343,0.112455635,0.539445483,non-significant,A247H
A,247,I,0.718176642,0.080759514,0.03993592,low_activity,A247I
A,247,K,0.814180976,0.340221755,0.306509247,non-significant,A247K
A,247,L,0.810140137,0.17806415,0.036282286,low_activity,A247L
A,247,M,0.854743909,0.066013632,0.015387788,low_activity,A247M
A,247,N,0.918833533,0.023835072,0.59405796,non-significant,A247N
A,247,P,1.078046413,0.246913457,0.944658731,non-significant,A247P
A,247,Q,0.958774788,0.238140996,0.914528436,non-significant,A247Q
A,247,R,0.726892577,0.308349231,0.343237657,non-significant,A247R
A,247,S,1.242874807,0.486422718,0.770625425,non-significant,A247S
A,247,T,0.885496976,0.192241863,0.212043068,non-significant,A247T
A,247,V,0.85197313,0.160156684,0.282467353,non-significant,A247V
A,247,Y,0.79450167,0.191826755,0.002692837,low_activity,A247Y
Q,248,A,0.872800733,0.088692261,0.9170761,non-significant,Q248A
Q,248,C,0.785598471,0.039947929,0.131210794,non-significant,Q248C
Q,248,D,1.003570672,0.120310972,0.997126071,non-significant,Q248D
Q,248,E,1.00991567,0.067266635,0.519365804,non-significant,Q248E
Q,248,F,0.455077001,0.079626064,5.62e-07,low_activity,Q248F
Q,248,G,1.076218524,0.158980389,0.461887273,non-significant,Q248G
Q,248,H,0.944002603,0.194500397,0.656426083,non-significant,Q248H
Q,248,I,0.687902323,0.17277682,0.000356132,low_activity,Q248I
Q,248,K,0.757067856,0.090891605,0.041008255,low_activity,Q248K
Q,248,L,0.618856469,0.234822563,0.00420642,low_activity,Q248L
Q,248,M,1.052942452,0.150930555,0.846180248,non-significant,Q248M
Q,248,N,1.1893407,0.418872633,0.26121707,non-significant,Q248N
Q,248,P,1.266056829,0.276483353,0.260915995,non-significant,Q248P
Q,248,R,0.818950256,0.196100749,0.191578001,non-significant,Q248R
Q,248,S,0.999042948,0.264667361,0.477420083,non-significant,Q248S
Q,248,T,0.860916881,0.081309732,0.173913936,non-significant,Q248T
Q,248,V,0.741703809,0.138559982,0.017093211,low_activity,Q248V
Q,248,W,0.538699485,0.091929105,0.009898175,low_activity,Q248W
Q,248,Y,0.837740159,0.238373703,0.056558297,non-significant,Q248Y
S,249,A,1.093477458,0.326450607,0.736634822,non-significant,S249A
S,249,C,1.103321848,0.40094284,0.153663224,non-significant,S249C
S,249,D,1.193420788,0.060084897,0.039328289,high_activity,S249D
S,249,E,1.088746124,0.325074973,0.712564969,non-significant,S249E
S,249,F,0.715525826,0.122624864,0.000119878,low_activity,S249F
S,249,G,1.010592625,0.129954723,0.849886532,non-significant,S249G
S,249,H,0.967401432,0.077460965,0.690572266,non-significant,S249H
S,249,I,0.724230306,0.109305211,0.012170517,low_activity,S249I
S,249,K,0.908381259,0.071325397,0.142052324,non-significant,S249K
S,249,L,0.775444972,0.155544831,0.029426026,low_activity,S249L
S,249,M,0.690066691,0.068062896,0.032951699,low_activity,S249M
S,249,N,0.983254679,0.108337625,0.959680027,non-significant,S249N
S,249,P,1.050425492,0.138198564,0.439044952,non-significant,S249P
S,249,Q,1.050265111,0.155267585,0.876128437,non-significant,S249Q
S,249,R,0.652564764,0.154353347,0.001217428,low_activity,S249R
S,249,T,1.266095167,0.188570165,0.251628804,non-significant,S249T
S,249,V,0.931708749,0.195287794,0.821711484,non-significant,S249V
S,249,W,0.658900113,0.058258214,1.2539e-05,low_activity,S249W
S,249,Y,0.804400746,0.168746131,0.040871243,low_activity,S249Y
P,250,A,0.904537254,0.132450047,0.497916966,non-significant,P250A
P,250,C,0.992318488,0.161038476,0.62502137,non-significant,P250C
P,250,D,1.102434936,0.118569655,0.52543518,non-significant,P250D
P,250,E,1.119816168,0.071855497,0.427429905,non-significant,P250E
P,250,F,0.694353644,0.143848773,0.003360199,low_activity,P250F
P,250,G,1.102029138,0.136610784,0.102842362,non-significant,P250G
P,250,H,1.047059132,0.382791426,0.348739908,non-significant,P250H
P,250,I,0.650512191,0.153702037,0.004942355,low_activity,P250I
P,250,K,0.619042582,0.242230902,6.53e-06,low_activity,P250K
P,250,L,0.696063398,0.090904571,0.000577135,low_activity,P250L
P,250,M,0.719697832,0.209579863,0.000167729,low_activity,P250M
P,250,N,0.928959205,0.235090568,0.713006553,non-significant,P250N
P,250,Q,0.923673388,0.143367583,0.812871613,non-significant,P250Q
P,250,R,0.600403857,0.061553471,0.015546207,low_activity,P250R
P,250,S,0.892100562,0.16814135,0.563445642,non-significant,P250S
P,250,T,1.071972197,0.174252385,0.459160848,non-significant,P250T
P,250,V,0.829263483,0.320231202,0.060766745,non-significant,P250V
P,250,W,0.724155921,0.165724759,0.002146063,low_activity,P250W
P,250,Y,0.645499664,0.144584269,0.003568783,low_activity,P250Y
T,251,A,0.900111129,0.184274702,0.936778175,non-significant,T251A
T,251,C,0.90385004,0.350156109,0.70641693,non-significant,T251C
T,251,D,1.2018851,0.278814734,0.484068354,non-significant,T251D
T,251,E,1.191404942,0.061806164,0.139794272,non-significant,T251E
T,251,F,0.655726824,0.140597566,0.000272,low_activity,T251F
T,251,G,1.023801827,0.078692545,0.459389544,non-significant,T251G
T,251,H,1.011359869,0.363280856,0.667943276,non-significant,T251H
T,251,I,0.689919282,0.079131861,0.000182866,low_activity,T251I
T,251,K,0.951435563,0.206053848,0.746741066,non-significant,T251K
T,251,L,0.952704304,0.149431766,0.889887813,non-significant,T251L
T,251,M,0.827874681,0.178128853,0.1230561,non-significant,T251M
T,251,N,1.144681455,0.126526912,0.243759479,non-significant,T251N
T,251,P,1.023924756,0.145515725,0.744786338,non-significant,T251P
T,251,Q,0.985011843,0.117354834,0.957500948,non-significant,T251Q
T,251,R,0.855484053,0.075024909,0.083543516,non-significant,T251R
T,251,S,0.968144834,0.184392606,0.684012567,non-significant,T251S
T,251,V,0.851969642,0.156329325,0.803300338,non-significant,T251V
T,251,W,0.739027886,0.357830123,0.038126134,low_activity,T251W
T,251,Y,0.801331665,0.186675091,0.153050911,non-significant,T251Y
S,252,A,0.991309572,0.431911343,0.476665656,non-significant,S252A
S,252,C,0.718106037,0.154452419,0.019708185,low_activity,S252C
S,252,D,1.362033466,0.122198719,0.000500054,high_activity,S252D
S,252,E,1.205619534,0.242743685,0.315295274,non-significant,S252E
S,252,F,0.762297161,0.047530352,0.02149318,low_activity,S252F
S,252,G,1.254208671,0.267309854,0.295160032,non-significant,S252G
S,252,H,0.984439981,0.094986557,0.992685533,non-significant,S252H
S,252,I,0.80953922,0.185823181,0.054239294,non-significant,S252I
S,252,K,0.653580353,0.142070599,0.002285502,low_activity,S252K
S,252,L,0.825781127,0.262876852,0.146196001,non-significant,S252L
S,252,M,0.86420123,0.213150498,0.83444197,non-significant,S252M
S,252,N,0.988753464,0.11225324,0.973291107,non-significant,S252N
S,252,P,0.955028023,0.13176262,0.654083727,non-significant,S252P
S,252,Q,1.054195476,0.191054479,0.969580713,non-significant,S252Q
S,252,R,0.726893048,0.249568773,0.014128899,low_activity,S252R
S,252,T,0.991190216,0.215493819,0.70482464,non-significant,S252T
S,252,V,0.733775382,0.204170466,0.146329191,non-significant,S252V
S,252,W,0.636908325,0.176869414,0.00442266,low_activity,S252W
S,252,Y,0.739711068,0.043068878,0.163760054,non-significant,S252Y
L,253,A,1.360811871,0.282018117,0.056222671,non-significant,L253A
L,253,C,1.212673697,0.134300333,0.116948313,non-significant,L253C
L,253,D,1.258176851,0.081421732,0.105921013,non-significant,L253D
L,253,E,1.272358115,0.188233846,0.022949384,high_activity,L253E
L,253,F,0.939924332,0.058433915,0.567522869,non-significant,L253F
L,253,G,1.080696468,0.126835914,0.923133369,non-significant,L253G
L,253,H,0.938705414,0.452711816,0.210712041,non-significant,L253H
L,253,I,1.136829811,0.215730113,0.248986397,non-significant,L253I
L,253,K,0.804178555,0.134467329,0.384399501,non-significant,L253K
L,253,M,1.086551837,0.120639037,0.495912339,non-significant,L253M
L,253,N,1.218449366,0.211075667,0.020085717,high_activity,L253N
L,253,P,1.175863728,0.232549627,0.103164089,non-significant,L253P
L,253,Q,1.146606746,0.195726293,0.202099022,non-significant,L253Q
L,253,R,0.834069299,0.054270459,0.280139511,non-significant,L253R
L,253,S,1.150565405,0.189016941,0.235904329,non-significant,L253S
L,253,T,1.124263404,0.254819695,0.252372873,non-significant,L253T
L,253,V,0.949708681,0.385352608,0.674150892,non-significant,L253V
L,253,W,1.048322293,0.15137256,0.719082654,non-significant,L253W
L,253,Y,0.908143891,0.067644968,0.595302519,non-significant,L253Y
S,254,A,0.984066856,0.0904494,0.986202501,non-significant,S254A
S,254,C,0.793415294,0.104630887,0.153561598,non-significant,S254C
S,254,D,1.23446841,0.216180116,0.007963195,high_activity,S254D
S,254,E,1.206327553,0.229414714,0.16108285,non-significant,S254E
S,254,F,0.718073806,0.319992991,0.215698009,non-significant,S254F
S,254,G,1.090891986,0.262042046,0.982835254,non-significant,S254G
S,254,H,1.152171055,0.128402088,0.48607658,non-significant,S254H
S,254,I,0.721931122,0.194758496,0.013600336,low_activity,S254I
S,254,K,0.995604733,0.200594734,0.648341571,non-significant,S254K
S,254,M,0.836530474,0.258437566,0.128160849,non-significant,S254M
S,254,N,0.985629001,0.071590268,0.910301096,non-significant,S254N
S,254,P,1.205599958,0.062500967,0.027115539,high_activity,S254P
S,254,Q,1.007900122,0.26237768,0.830699628,non-significant,S254Q
S,254,R,0.896700783,0.19427559,0.621172417,non-significant,S254R
S,254,T,1.039275137,0.096047939,0.929248899,non-significant,S254T
S,254,V,0.842119494,0.315848315,0.467669193,non-significant,S254V
S,254,W,0.63103717,0.175489068,0.00391474,low_activity,S254W
S,254,Y,0.949840499,0.204683771,0.205377694,non-significant,S254Y
G,255,A,0.882737888,0.191354313,0.18988467,non-significant,G255A
G,255,C,0.886327418,0.270844716,0.397052262,non-significant,G255C
G,255,D,1.169523145,0.151940261,0.146908466,non-significant,G255D
G,255,E,1.396832531,0.157251359,0.020699293,high_activity,G255E
G,255,F,0.645819517,0.139844057,0.007684587,low_activity,G255F
G,255,H,0.88929133,0.101999558,0.105055922,non-significant,G255H
G,255,I,0.746080189,0.268689163,0.003458869,low_activity,G255I
G,255,K,0.84491093,0.07540611,0.189052823,non-significant,G255K
G,255,L,0.736415151,0.196942726,0.00016108,low_activity,G255L
G,255,M,0.707436593,0.103769565,0.022655049,low_activity,G255M
G,255,N,1.026937751,0.247464937,0.853025299,non-significant,G255N
G,255,P,1.216567517,0.466213838,0.466172742,non-significant,G255P
G,255,Q,1.034516388,0.13557186,0.735050112,non-significant,G255Q
G,255,R,0.728364755,0.246890436,0.083614794,non-significant,G255R
G,255,S,0.859112619,0.080183815,0.127356983,non-significant,G255S
G,255,T,1.137479647,0.203895065,0.266957508,non-significant,G255T
G,255,V,0.774025679,0.126723141,0.072146988,non-significant,G255V
G,255,W,0.626642757,0.309863436,0.044556055,low_activity,G255W
G,255,Y,0.809165289,0.195681259,0.506191787,non-significant,G255Y
Q,256,A,0.816671806,0.18473096,0.063123058,non-significant,Q256A
Q,256,D,1.042811627,0.140983654,0.248201302,non-significant,Q256D
Q,256,E,1.061002735,0.285083542,0.678055331,non-significant,Q256E
Q,256,F,0.436353661,0.208391735,2.03261e-05,low_activity,Q256F
Q,256,H,1.009590928,0.206352246,0.997058943,non-significant,Q256H
Q,256,I,0.806197247,0.171685449,0.360210904,non-significant,Q256I
Q,256,K,0.732610743,0.165311572,0.003260928,low_activity,Q256K
Q,256,N,1.042684924,0.308213977,0.823934182,non-significant,Q256N
Q,256,P,0.918915029,0.295816886,0.677195592,non-significant,Q256P
Q,256,R,0.800678607,0.141949981,0.045347666,low_activity,Q256R
Q,256,S,0.960427224,0.128629579,0.893278818,non-significant,Q256S
Q,256,V,0.809998729,0.188288408,0.864969165,non-significant,Q256V
Q,256,W,0.435626543,0.188592191,0.000503645,low_activity,Q256W
Q,256,Y,0.895071833,0.277648199,0.307855197,non-significant,Q256Y
S,257,A,0.885845657,0.225550621,0.672824148,non-significant,S257A
S,257,C,0.986167253,0.236614907,0.936978516,non-significant,S257C
S,257,D,1.139614399,0.289252742,0.322641405,non-significant,S257D
S,257,E,1.153278892,0.186109019,0.208122116,non-significant,S257E
S,257,F,0.658776083,0.18021213,0.026387072,low_activity,S257F
S,257,G,1.03153852,0.27827214,0.874806916,non-significant,S257G
S,257,H,1.070937468,0.271234636,0.202341594,non-significant,S257H
S,257,I,0.801916503,0.260998783,0.012409545,low_activity,S257I
S,257,K,0.828705641,0.261030089,0.383559403,non-significant,S257K
S,257,L,0.731881575,0.354038409,0.002606027,low_activity,S257L
S,257,M,0.789794105,0.275141214,0.030536872,low_activity,S257M
S,257,N,1.060085838,0.211474119,0.553843562,non-significant,S257N
S,257,P,1.118181354,0.51887224,0.711260186,non-significant,S257P
S,257,Q,0.883570461,0.197048032,0.210442003,non-significant,S257Q
S,257,R,0.770584719,0.32245747,0.229111148,non-significant,S257R
S,257,T,1.001143451,0.232646251,0.338462838,non-significant,S257T
S,257,V,0.827390623,0.104922262,0.609689397,non-significant,S257V
S,257,W,0.896225744,0.237620803,0.912480593,non-significant,S257W
S,257,Y,0.717229461,0.065268226,0.001006519,low_activity,S257Y
Y,258,A,1.034424161,0.122110905,0.803693785,non-significant,Y258A
Y,258,C,1.044567753,0.161743983,0.771533146,non-significant,Y258C
Y,258,D,1.20630626,0.130714322,0.169026909,non-significant,Y258D
Y,258,E,1.27843264,0.219484517,0.012789306,high_activity,Y258E
Y,258,F,0.890663399,0.119473175,0.610167734,non-significant,Y258F
Y,258,G,1.08767113,0.157977132,0.327772213,non-significant,Y258G
Y,258,H,1.185828575,0.111937592,0.162229668,non-significant,Y258H
Y,258,I,0.931310848,0.063619964,0.474386242,non-significant,Y258I
Y,258,K,1.132967459,0.202011175,0.585541601,non-significant,Y258K
Y,258,L,1.099885217,0.293268279,0.4080196,non-significant,Y258L
Y,258,M,1.184225397,0.154985609,0.237143916,non-significant,Y258M
Y,258,N,1.167241566,0.13022918,0.15347245,non-significant,Y258N
Y,258,P,1.50448605,0.245098818,0.015887715,high_activity,Y258P
Y,258,Q,1.054351011,0.167949701,0.26811158,non-significant,Y258Q
Y,258,R,0.931236019,0.07814148,0.44485514,non-significant,Y258R
Y,258,S,0.998442135,0.147994606,0.478936383,non-significant,Y258S
Y,258,T,1.111880684,0.226502079,0.797443814,non-significant,Y258T
Y,258,V,1.010809527,0.205646468,0.667125736,non-significant,Y258V
Y,258,W,0.864754405,0.198844268,0.066892763,non-significant,Y258W
G,259,A,0.994610647,0.220714714,0.48607658,non-significant,G259A
G,259,C,0.817951505,0.307116209,0.574206631,non-significant,G259C
G,259,D,1.072082364,0.245517348,0.885063192,non-significant,G259D
G,259,E,1.028625447,0.178951676,0.766333766,non-significant,G259E
G,259,F,0.602198703,0.024583201,1.04541e-05,low_activity,G259F
G,259,H,0.93462482,0.1462311,0.812641191,non-significant,G259H
G,259,I,0.543110344,0.262802844,6.21595e-05,low_activity,G259I
G,259,K,0.778053709,0.071260026,0.011755259,low_activity,G259K
G,259,N,1.145502773,0.132458932,0.244075627,non-significant,G259N
G,259,P,1.083142934,0.171896419,0.369133922,non-significant,G259P
G,259,R,0.690334426,0.195244025,0.017709144,low_activity,G259R
G,259,S,0.764673765,0.201324206,0.204406051,non-significant,G259S
G,259,T,0.885399821,0.293327113,0.254597944,non-significant,G259T
G,259,V,0.476663916,0.130572104,6.47e-06,low_activity,G259V
G,259,W,0.666360829,0.357012499,0.010248894,low_activity,G259W
G,259,Y,0.751648872,0.080443576,0.02088565,low_activity,G259Y
A,260,C,0.765046986,0.189369151,0.073403544,non-significant,A260C
A,260,D,1.048496548,0.200752808,0.442975937,non-significant,A260D
A,260,E,1.220726456,0.126140576,0.06452411,non-significant,A260E
A,260,F,0.58923567,0.126475738,0.000153367,low_activity,A260F
A,260,G,1.05781641,0.310118377,0.9292517,non-significant,A260G
A,260,H,0.929479023,0.2658633,0.16022129,non-significant,A260H
A,260,I,0.65182245,0.187663782,0.000388201,low_activity,A260I
A,260,K,0.868346269,0.207147386,0.331984567,non-significant,A260K
A,260,L,0.685052421,0.229823497,0.055362886,non-significant,A260L
A,260,M,0.866256282,0.283573705,0.205033979,non-significant,A260M
A,260,N,1.122625473,0.09005547,0.820535992,non-significant,A260N
A,260,P,1.048583363,0.128010046,0.85007573,non-significant,A260P
A,260,Q,1.095415242,0.22492791,0.397475646,non-significant,A260Q
A,260,R,0.835941735,0.127963049,0.054314921,non-significant,A260R
A,260,S,0.894207489,0.177760144,0.095306986,non-significant,A260S
A,260,T,1.13949702,0.119264793,0.1124086,non-significant,A260T
A,260,V,0.88271118,0.292819968,0.237667545,non-significant,A260V
A,260,W,0.672533867,0.230246127,0.00793349,low_activity,A260W
A,260,Y,0.810099917,0.08146297,0.270601277,non-significant,A260Y
Y,261,A,1.130683706,0.207433672,0.106690945,non-significant,Y261A
Y,261,C,1.050438011,0.278232667,0.859982178,non-significant,Y261C
Y,261,D,1.186758631,0.312548582,0.195607494,non-significant,Y261D
Y,261,E,1.181976098,0.330086969,0.297652069,non-significant,Y261E
Y,261,F,0.879251808,0.091533271,0.676808757,non-significant,Y261F
Y,261,G,1.139706924,0.158341095,0.182244578,non-significant,Y261G
Y,261,H,1.098737795,0.329263319,0.629635209,non-significant,Y261H
Y,261,I,0.973350737,0.229377064,0.449119314,non-significant,Y261I
Y,261,K,0.874891247,0.304502308,0.422435942,non-significant,Y261K
Y,261,L,0.999035617,0.185241176,0.698441953,non-significant,Y261L
Y,261,M,1.103410999,0.080543546,0.142814638,non-significant,Y261M
Y,261,N,1.296321221,0.281760331,0.003679026,high_activity,Y261N
Y,261,P,1.035857244,0.173545611,0.684838492,non-significant,Y261P
Y,261,Q,1.201280398,0.077583509,0.002911165,high_activity,Y261Q
Y,261,R,0.756107097,0.037161646,0.075659183,non-significant,Y261R
Y,261,S,1.153908952,0.290161329,0.790807001,non-significant,Y261S
Y,261,T,1.186353581,0.285843911,0.403555347,non-significant,Y261T
Y,261,V,1.250202137,0.295540429,0.03956271,high_activity,Y261V
Y,261,W,0.774970864,0.034736741,0.017435719,low_activity,Y261W
S,262,A,0.866264608,0.197052931,0.568214254,non-significant,S262A
S,262,C,0.857985422,0.175200429,0.406869803,non-significant,S262C
S,262,D,1.080100986,0.385533137,0.628090065,non-significant,S262D
S,262,E,1.151554505,0.20585078,0.028064562,high_activity,S262E
S,262,F,0.652727007,0.16770653,9.9551e-05,low_activity,S262F
S,262,G,0.84586971,0.21711044,0.477817527,non-significant,S262G
S,262,H,1.015140643,0.073019574,0.820059515,non-significant,S262H
S,262,I,0.672793601,0.105497794,0.000217088,low_activity,S262I
S,262,K,0.714847904,0.271182345,0.008565243,low_activity,S262K
S,262,L,0.723620959,0.238823303,0.003595833,low_activity,S262L
S,262,M,0.647893615,0.201259706,0.007648526,low_activity,S262M
S,262,N,1.176936575,0.22484879,0.168158208,non-significant,S262N
S,262,P,0.996243094,0.309654139,0.613843143,non-significant,S262P
S,262,Q,0.85994538,0.185157424,0.122969409,non-significant,S262Q
S,262,R,0.499106945,0.101356674,0.000192004,low_activity,S262R
S,262,T,0.796510807,0.166430619,0.268676967,non-significant,S262T
S,262,V,0.788322877,0.231343499,0.004724441,low_activity,S262V
S,262,W,0.951461709,0.233023616,0.518193472,non-significant,S262W
S,262,Y,0.587249497,0.223042758,7.30735e-05,low_activity,S262Y
P,263,A,0.686164346,0.193021406,0.063935359,non-significant,P263A
P,263,C,0.751141288,0.219388206,0.064442107,non-significant,P263C
P,263,D,1.090136556,0.116062364,0.379741826,non-significant,P263D
P,263,E,1.109773069,0.257701108,0.200749555,non-significant,P263E
P,263,F,0.735817163,0.266687369,0.009643627,low_activity,P263F
P,263,G,0.888914782,0.117257169,0.655630439,non-significant,P263G
P,263,H,0.845514908,0.077174451,0.098142608,non-significant,P263H
P,263,I,0.653887877,0.066159082,6.95e-06,low_activity,P263I
P,263,K,0.65865972,0.35702615,0.032743414,low_activity,P263K
P,263,M,0.801782727,0.158196269,0.00208472,low_activity,P263M
P,263,N,0.98850865,0.146805743,0.54127359,non-significant,P263N
P,263,Q,0.891788031,0.062545366,0.266120855,non-significant,P263Q
P,263,R,0.617455613,0.149967921,1.81097e-05,low_activity,P263R
P,263,S,0.948781506,0.091530385,0.3873219,non-significant,P263S
P,263,T,1.02704899,0.219853388,0.753792319,non-significant,P263T
P,263,V,0.738493602,0.123526482,0.007342657,low_activity,P263V
P,263,W,0.799389711,0.299075047,0.162097279,non-significant,P263W
P,263,Y,0.817954082,0.092656679,0.106241541,non-significant,P263Y
V,264,A,1.175774322,0.248623075,0.029330019,high_activity,V264A
V,264,C,1.0350523,0.132203453,0.275790887,non-significant,V264C
V,264,D,1.241654512,0.127818058,0.039606127,high_activity,V264D
V,264,E,1.273572683,0.201758947,0.091267053,non-significant,V264E
V,264,F,0.931173711,0.287341305,0.576098077,non-significant,V264F
V,264,G,0.987122495,0.223825388,0.882434903,non-significant,V264G
V,264,H,0.9725264,0.089351414,0.862552914,non-significant,V264H
V,264,K,0.814518145,0.128980792,0.260822296,non-significant,V264K
V,264,L,0.77050876,0.233795737,0.005542339,low_activity,V264L
V,264,M,1.097200709,0.187280274,0.829067926,non-significant,V264M
V,264,N,1.15429801,0.055587265,0.219390557,non-significant,V264N
V,264,P,1.199286422,0.31922184,0.226165464,non-significant,V264P
V,264,Q,1.300753389,0.105150924,0.000768036,high_activity,V264Q
V,264,R,0.769933426,0.251784804,0.334974542,non-significant,V264R
V,264,S,1.214418006,0.162071616,0.052927481,non-significant,V264S
V,264,T,1.253677148,0.410143032,0.075208429,non-significant,V264T
V,264,W,0.695785366,0.168994483,0.032743755,low_activity,V264W
V,264,Y,1.128319688,0.176528317,0.25107655,non-significant,V264Y
D,265,A,0.592758954,0.210779391,3.20306e-05,low_activity,D265A
D,265,C,0.564064512,0.188954729,5.45189e-05,low_activity,D265C
D,265,E,0.663284499,0.033297267,0.01218844,low_activity,D265E
D,265,F,0.719421743,0.112570958,0.002876243,low_activity,D265F
D,265,G,0.479320095,0.100691472,0.000698135,low_activity,D265G
D,265,H,0.658958625,0.164844831,0.000488778,low_activity,D265H
D,265,I,0.59121557,0.101449941,2.49e-06,low_activity,D265I
D,265,K,0.740379645,0.339795089,0.025384425,low_activity,D265K
D,265,L,0.578757601,0.12861059,0.00024124,low_activity,D265L
D,265,M,0.585706091,0.221145121,0.001151858,low_activity,D265M
D,265,N,0.611980935,0.048206037,0.00112207,low_activity,D265N
D,265,P,0.748477541,0.329051084,0.003544881,low_activity,D265P
D,265,Q,0.567526678,0.14518224,4.32e-07,low_activity,D265Q
D,265,R,0.638072708,0.220826969,0.00017634,low_activity,D265R
D,265,S,0.548620291,0.250109974,2.95151e-05,low_activity,D265S
D,265,T,0.498818442,0.095086156,4.19e-06,low_activity,D265T
D,265,V,0.539637668,0.133432732,3.47378e-05,low_activity,D265V
D,265,W,0.555619338,0.110913085,2.61e-07,low_activity,D265W
D,265,Y,0.526425724,0.069654178,6.47e-06,low_activity,D265Y
S,266,A,0.919877148,0.033460384,0.454701139,non-significant,S266A
S,266,C,1.027282868,0.195131659,0.629635209,non-significant,S266C
S,266,D,1.213155326,0.132241031,0.009971927,high_activity,S266D
S,266,E,1.071207835,0.115855571,0.86883117,non-significant,S266E
S,266,F,0.72156238,0.411973113,0.013404748,low_activity,S266F
S,266,G,1.01832601,0.174321841,0.916208818,non-significant,S266G
S,266,H,0.918055459,0.148169411,0.460738917,non-significant,S266H
S,266,K,0.840844998,0.109058075,0.119495973,non-significant,S266K
S,266,L,0.781809833,0.262320842,0.245857659,non-significant,S266L
S,266,M,0.806032039,0.090081196,0.019759359,low_activity,S266M
S,266,N,1.255135214,0.094554021,0.066222993,non-significant,S266N
S,266,Q,1.010121729,0.036930532,0.849886532,non-significant,S266Q
S,266,R,0.80563155,0.127671068,0.163848973,non-significant,S266R
S,266,T,0.960799673,0.267951455,0.401432949,non-significant,S266T
S,266,V,0.690332438,0.256980848,0.000468082,low_activity,S266V
S,266,W,0.564950676,0.202109051,0.002680395,low_activity,S266W
S,266,Y,0.740624257,0.078978681,0.030740028,low_activity,S266Y
L,267,A,1.536733026,0.337113264,0.000788623,high_activity,L267A
L,267,C,1.347728173,0.18615789,0.088006749,non-significant,L267C
L,267,D,1.54231644,0.180509967,3.58056e-05,high_activity,L267D
L,267,E,1.495328101,0.159415928,7.50941e-05,high_activity,L267E
L,267,F,0.75633869,0.063662946,0.011239706,low_activity,L267F
L,267,G,1.448473473,0.155243145,0.007001321,high_activity,L267G
L,267,H,1.09816448,0.117301909,0.601327266,non-significant,L267H
L,267,I,0.559639643,0.095005534,0.000619699,low_activity,L267I
L,267,K,1.021218695,0.288493695,0.96315595,non-significant,L267K
L,267,M,0.987902615,0.157064723,0.740805595,non-significant,L267M
L,267,N,1.448056507,0.155914826,3.15e-06,high_activity,L267N
L,267,P,1.329698357,0.184538122,0.000602931,high_activity,L267P
L,267,Q,1.466113125,0.241151658,0.000734635,high_activity,L267Q
L,267,R,1.164953534,0.237726844,0.219446319,non-significant,L267R
L,267,S,1.551597946,0.232808835,2.94e-07,high_activity,L267S
L,267,T,1.273146887,0.294648101,0.000584667,high_activity,L267T
L,267,V,0.952323292,0.023798615,0.751987868,non-significant,L267V
L,267,Y,0.957962588,0.183068958,0.924143796,non-significant,L267Y
E,268,A,0.835107117,0.194583858,0.202397279,non-significant,E268A
E,268,C,0.796530951,0.090540926,0.057097624,non-significant,E268C
E,268,D,1.167744044,0.168454301,0.015971739,high_activity,E268D
E,268,F,0.604002112,0.129785554,0.000127319,low_activity,E268F
E,268,G,0.883651863,0.212771162,0.766333766,non-significant,E268G
E,268,H,0.798489709,0.088013795,0.004619497,low_activity,E268H
E,268,I,0.727805689,0.144503937,0.025000356,low_activity,E268I
E,268,K,0.812129829,0.172821964,0.096767787,non-significant,E268K
E,268,L,0.63113401,0.173257518,0.02633515,low_activity,E268L
E,268,M,0.702435869,0.086587322,6.05852e-05,low_activity,E268M
E,268,N,1.013461876,0.10412964,0.885105533,non-significant,E268N
E,268,P,1.059248925,0.096335799,0.163879218,non-significant,E268P
E,268,Q,1.061797641,0.150360685,0.923335954,non-significant,E268Q
E,268,R,0.885257604,0.408638431,0.205093662,non-significant,E268R
E,268,S,0.794227299,0.119085327,0.220392635,non-significant,E268S
E,268,T,0.687513571,0.179830356,0.008034362,low_activity,E268T
E,268,V,0.765936451,0.36809998,0.014938551,low_activity,E268V
E,268,W,0.625880175,0.109684545,0.000134032,low_activity,E268W
E,268,Y,0.525657897,0.122059856,8.4798e-05,low_activity,E268Y
F,269,A,1.329444945,0.198427408,0.013600336,high_activity,F269A
F,269,C,1.395722933,0.35516344,0.024945672,high_activity,F269C
F,269,D,1.528552474,0.13518678,7.26e-07,high_activity,F269D
F,269,E,1.510507441,0.046425347,2.22e-07,high_activity,F269E
F,269,G,1.526969431,0.210480237,2.77e-07,high_activity,F269G
F,269,H,1.468356273,0.029015376,0.001188911,high_activity,F269H
F,269,I,1.143428658,0.249971747,0.71981483,non-significant,F269I
F,269,K,1.32642944,0.092607881,0.000172385,high_activity,F269K
F,269,L,1.15557416,0.142501292,0.01792422,high_activity,F269L
F,269,M,1.446290294,0.130911445,0.000452688,high_activity,F269M
F,269,N,1.628833814,0.218497916,0.000446936,high_activity,F269N
F,269,P,1.407235907,0.056490542,0.000115127,high_activity,F269P
F,269,Q,1.670407603,0.308345352,2.2e-06,high_activity,F269Q
F,269,R,1.151937771,0.166155752,0.084968798,non-significant,F269R
F,269,S,1.566609425,0.097994427,0.000187412,high_activity,F269S
F,269,T,1.493834311,0.228459896,0.01146674,high_activity,F269T
F,269,V,1.232671641,0.267662,0.109806462,non-significant,F269V
F,269,W,1.053515651,0.086519616,0.99634418,non-significant,F269W
F,269,Y,1.285291624,0.32037593,0.014320332,high_activity,F269Y
K,270,A,1.110489315,0.129471754,0.451591938,non-significant,K270A
K,270,C,1.081243019,0.09319427,0.587350023,non-significant,K270C
K,270,D,1.038714025,0.208551152,0.707900565,non-significant,K270D
K,270,E,0.732424777,0.241670166,0.116943233,non-significant,K270E
K,270,F,1.205584612,0.865552868,0.216165369,non-significant,K270F
K,270,H,0.866201329,0.338425104,0.298105691,non-significant,K270H
K,270,I,0.702646752,0.220390198,0.015771081,low_activity,K270I
K,270,L,0.650658514,0.184953634,0.003405285,low_activity,K270L
K,270,M,0.840163063,0.173431574,0.427923888,non-significant,K270M
K,270,N,1.286224915,0.127739494,0.014002901,high_activity,K270N
K,270,P,1.330292603,0.303343849,0.013681573,high_activity,K270P
K,270,Q,0.796016268,0.318155625,0.343237657,non-significant,K270Q
K,270,R,0.813628814,0.10333076,0.244035037,non-significant,K270R
K,270,S,0.89151611,0.367266138,0.64292428,non-significant,K270S
K,270,T,0.622470349,0.060499561,0.000912272,low_activity,K270T
K,270,V,0.693261671,0.097274526,0.001327548,low_activity,K270V
K,270,W,0.608286041,0.240837315,0.003949264,low_activity,K270W
K,270,Y,0.741444145,0.207787834,0.063797433,non-significant,K270Y
D,271,C,0.529553625,0.126434698,1.24e-12,low_activity,D271C
D,271,E,1.08890321,0.106479755,0.349506641,non-significant,D271E
D,271,G,0.622279246,0.0889413,6.65e-06,low_activity,D271G
D,271,I,0.680741517,0.175940635,0.107622864,non-significant,D271I
D,271,K,0.734468028,0.112159436,0.000694538,low_activity,D271K
D,271,M,0.594074254,0.208762904,0.001175141,low_activity,D271M
D,271,N,0.902183546,0.142040588,0.244075627,non-significant,D271N
D,271,R,0.76501439,0.188732516,0.002606027,low_activity,D271R
D,271,S,0.780774245,0.116480803,0.107065179,non-significant,D271S
D,271,V,0.555398952,0.168377871,2.49e-06,low_activity,D271V
D,271,W,0.676631669,0.197333941,0.004261002,low_activity,D271W
D,271,Y,0.635484387,0.128819004,4.33757e-05,low_activity,D271Y
P,272,A,0.643689814,0.356073197,0.001090508,low_activity,P272A
P,272,C,0.699039465,0.118621802,0.02848065,low_activity,P272C
P,272,D,1.097651294,0.158541843,0.304595941,non-significant,P272D
P,272,E,0.82492159,0.215408994,0.150179292,non-significant,P272E
P,272,F,0.721762591,0.13687351,0.043901836,low_activity,P272F
P,272,G,0.99074632,0.082585113,0.9820695,non-significant,P272G
P,272,H,0.802049155,0.176795089,0.237477833,non-significant,P272H
P,272,I,0.824854456,0.224470779,0.30758144,non-significant,P272I
P,272,K,0.885107486,0.168115075,0.583428347,non-significant,P272K
P,272,L,0.871233331,0.353373759,0.492174957,non-significant,P272L
P,272,M,0.799877771,0.128316594,0.084160914,non-significant,P272M
P,272,N,1.078256063,0.137763034,0.135251555,non-significant,P272N
P,272,Q,1.201015795,0.149772602,0.013537324,high_activity,P272Q
P,272,R,0.652156626,0.198530391,0.007570156,low_activity,P272R
P,272,S,0.853832008,0.150721237,0.241482473,non-significant,P272S
P,272,T,1.150143389,0.317091012,0.358143554,non-significant,P272T
P,272,V,0.827994699,0.144442937,0.305628949,non-significant,P272V
P,272,Y,0.910107285,0.097904624,0.273103058,non-significant,P272Y
T,273,A,1.210986746,0.129586517,0.242427126,non-significant,T273A
T,273,C,1.085499003,0.234408115,0.766333766,non-significant,T273C
T,273,D,1.484788693,0.219294276,2.4e-06,high_activity,T273D
T,273,E,1.189801098,0.149202812,0.170829702,non-significant,T273E
T,273,F,0.82755507,0.173334783,0.070405696,non-significant,T273F
T,273,G,1.296361572,0.175919924,0.010391877,high_activity,T273G
T,273,H,0.971424996,0.260258488,0.575014418,non-significant,T273H
T,273,I,0.988218663,0.065447181,0.857466508,non-significant,T273I
T,273,K,0.862688187,0.312102524,0.145723394,non-significant,T273K
T,273,L,0.918523361,0.175867696,0.255609344,non-significant,T273L
T,273,M,0.837036654,0.178893066,0.244075627,non-significant,T273M
T,273,N,1.130961096,0.252438116,0.336535052,non-significant,T273N
T,273,P,1.150098886,0.114518899,0.029713161,high_activity,T273P
T,273,Q,1.200373262,0.090699146,0.126643507,non-significant,T273Q
T,273,R,0.860470662,0.19782712,0.339416567,non-significant,T273R
T,273,S,0.977327619,0.223432186,0.941339537,non-significant,T273S
T,273,V,0.939995896,0.056021969,0.766699836,non-significant,T273V
T,273,W,0.701381893,0.091299557,0.057016583,non-significant,T273W
T,273,Y,0.788364226,0.22728805,0.011507733,low_activity,T273Y
G,274,A,1.249873211,0.123707873,0.087177791,non-significant,G274A
G,274,C,0.999747252,0.146289287,0.958831219,non-significant,G274C
G,274,D,1.708145563,0.154232712,7.22e-09,high_activity,G274D
G,274,E,1.384588347,0.217792868,0.1124086,non-significant,G274E
G,274,F,0.820462888,0.104617084,0.018320264,low_activity,G274F
G,274,H,1.212391024,0.129557304,0.069935432,non-significant,G274H
G,274,I,0.704020461,0.128962396,0.008060793,low_activity,G274I
G,274,K,1.03047071,0.195636874,0.914528436,non-significant,G274K
G,274,L,0.965225874,0.215170318,0.636636496,non-significant,G274L
G,274,M,0.942424651,0.101307719,0.693489511,non-significant,G274M
G,274,N,1.317611542,0.338549227,0.036131158,high_activity,G274N
G,274,P,1.118896251,0.328230768,0.277592884,non-significant,G274P
G,274,Q,1.30880016,0.459772295,0.141725497,non-significant,G274Q
G,274,R,0.807279494,0.10418091,0.119431273,non-significant,G274R
G,274,S,1.14329024,0.17299272,0.680530176,non-significant,G274S
G,274,T,1.290181476,0.216538883,0.000423856,high_activity,G274T
G,274,V,0.94811694,0.10670026,0.19607231,non-significant,G274V
G,274,W,0.885910582,0.142579911,0.634233948,non-significant,G274W
G,274,Y,0.73105768,0.127795504,0.009048549,low_activity,G274Y
T,275,A,1.131795669,0.231246397,0.403402317,non-significant,T275A
T,275,C,0.902388814,0.194551766,0.531566975,non-significant,T275C
T,275,D,1.38953787,0.251340225,0.031688033,high_activity,T275D
T,275,E,1.627738846,0.452958271,5.39e-06,high_activity,T275E
T,275,F,1.110422287,0.139650751,0.424658823,non-significant,T275F
T,275,G,1.157417222,0.07715299,0.063750731,non-significant,T275G
T,275,H,0.804701591,0.496485255,0.686071783,non-significant,T275H
T,275,I,0.965983176,0.037794729,0.924842398,non-significant,T275I
T,275,K,0.922542922,0.097859594,0.563445642,non-significant,T275K
T,275,L,1.00430175,0.24601057,0.829415842,non-significant,T275L
T,275,M,1.05447907,0.264311701,0.881779957,non-significant,T275M
T,275,N,1.43053677,0.065306676,4.27e-06,high_activity,T275N
T,275,Q,1.288221907,0.246031009,0.036204396,high_activity,T275Q
T,275,R,0.790702355,0.164032873,0.004675066,low_activity,T275R
T,275,S,1.141631445,0.178541671,0.24381938,non-significant,T275S
T,275,W,0.676456132,0.134363664,0.000327528,low_activity,T275W
T,275,Y,0.760335982,0.12350556,0.067381341,non-significant,T275Y
W,276,A,1.77715015,0.146972869,4.24e-11,high_activity,W276A
W,276,C,1.351331869,0.157258424,0.013562814,high_activity,W276C
W,276,D,1.901997297,0.131029944,3.07e-11,high_activity,W276D
W,276,E,1.913920144,0.077672053,1.21e-07,high_activity,W276E
W,276,F,1.207136665,0.108143102,0.070177095,non-significant,W276F
W,276,G,1.642762687,0.278057061,2.40779e-05,high_activity,W276G
W,276,H,1.622262857,0.197803509,6.2e-07,high_activity,W276H
W,276,I,1.088858429,0.23951335,0.823467692,non-significant,W276I
W,276,K,1.481446291,0.223285869,0.000215278,high_activity,W276K
W,276,L,1.198668387,0.229882662,0.127020723,non-significant,W276L
W,276,M,1.377262073,0.134654728,0.003510977,high_activity,W276M
W,276,N,1.852827751,0.158821763,2.13e-15,high_activity,W276N
W,276,P,1.598481582,0.100751794,6.47e-06,high_activity,W276P
W,276,Q,1.888894613,0.126954809,6.48e-23,high_activity,W276Q
W,276,R,1.40430525,0.157038466,0.000581516,high_activity,W276R
W,276,S,1.779461996,0.438405096,5.96e-10,high_activity,W276S
W,276,T,1.811055354,0.114438288,3.19e-10,high_activity,W276T
W,276,V,1.502708993,0.163389403,6.67544e-05,high_activity,W276V
W,276,Y,1.048105655,0.175450322,0.114858399,non-significant,W276Y
K,277,A,1.39018076,0.122520602,0.000355997,high_activity,K277A
K,277,C,0.721220193,0.1467649,0.053770571,non-significant,K277C
K,277,D,1.581895192,0.209626027,0.000186007,high_activity,K277D
K,277,E,1.351961935,0.1944387,0.003998674,high_activity,K277E
K,277,F,0.699217799,0.102559,0.001819119,low_activity,K277F
K,277,G,1.608577912,0.068376561,3.77e-07,high_activity,K277G
K,277,H,0.930971137,0.224937453,0.831445177,non-significant,K277H
K,277,I,0.705497362,0.209778044,0.028562756,low_activity,K277I
K,277,L,0.568917076,0.173894822,5.03e-08,low_activity,K277L
K,277,M,0.948944282,0.323265971,0.765334713,non-significant,K277M
K,277,N,1.46075785,0.263197248,2.60513e-05,high_activity,K277N
K,277,P,1.645731794,0.106396438,4.55e-06,high_activity,K277P
K,277,Q,1.231808603,0.173024824,0.157989698,non-significant,K277Q
K,277,R,0.84451321,0.133467604,0.375288526,non-significant,K277R
K,277,S,1.31712779,0.252873535,0.008755102,high_activity,K277S
K,277,T,0.779988348,0.155205628,0.08155946,non-significant,K277T
K,277,W,0.740192256,0.359062191,0.010239255,low_activity,K277W
K,277,Y,0.71439761,0.267390222,0.001523787,low_activity,K277Y
F,278,A,1.655573437,0.40681171,0.000621894,high_activity,F278A
F,278,C,1.409394564,0.038779472,0.000388201,high_activity,F278C
F,278,D,1.997089062,0.230993681,2.13e-09,high_activity,F278D
F,278,E,1.8710934,0.276654194,9.6e-13,high_activity,F278E
F,278,G,1.833678095,0.34325987,7.22e-07,high_activity,F278G
F,278,H,1.692722469,0.364334325,5.89e-06,high_activity,F278H
F,278,I,0.435731642,0.035666053,3.89e-08,low_activity,F278I
F,278,K,1.359716045,0.118247057,0.00835901,high_activity,F278K
F,278,L,0.782197898,0.178273024,0.07339901,non-significant,F278L
F,278,M,1.52175227,0.057389134,2.5e-09,high_activity,F278M
F,278,N,1.900061416,0.105637212,1.15e-17,high_activity,F278N
F,278,P,1.912771937,0.161119492,1.79e-22,high_activity,F278P
F,278,Q,2.074818901,0.184612699,8.48e-16,high_activity,F278Q
F,278,R,1.553396425,0.167076866,5.44e-07,high_activity,F278R
F,278,S,1.91429301,0.103912411,8.27e-08,high_activity,F278S
F,278,T,1.842448185,0.206952745,3.38e-16,high_activity,F278T
F,278,V,1.069859494,0.440337635,0.821170557,non-significant,F278V
F,278,W,1.437492191,0.235361555,0.002794122,high_activity,F278W
F,278,Y,1.359099794,0.135126538,0.00064149,high_activity,F278Y
T,279,A,1.296846888,0.135610706,0.000144062,high_activity,T279A
T,279,C,1.036709934,0.403229543,0.670323853,non-significant,T279C
T,279,D,1.862341687,0.177848097,2.01e-11,high_activity,T279D
T,279,E,1.464867103,0.341793871,0.000412905,high_activity,T279E
T,279,F,0.830404839,0.110439246,0.123941856,non-significant,T279F
T,279,G,1.344582881,0.015474432,0.000897408,high_activity,T279G
T,279,I,0.619245186,0.142833638,0.000221792,low_activity,T279I
T,279,K,0.875271013,0.245478232,0.653735696,non-significant,T279K
T,279,L,0.678373185,0.01980563,0.049429953,low_activity,T279L
T,279,M,0.990448283,0.085678341,0.595302519,non-significant,T279M
T,279,N,1.398619857,0.248682016,0.001833899,high_activity,T279N
T,279,P,1.399180207,0.200374984,3.94e-06,high_activity,T279P
T,279,Q,1.279455717,0.187925658,0.022619981,high_activity,T279Q
T,279,R,0.832924727,0.14730436,0.161140616,non-significant,T279R
T,279,S,1.199947532,0.236391163,0.112651702,non-significant,T279S
T,279,V,0.934250734,0.459165234,0.441691711,non-significant,T279V
T,279,W,0.79512285,0.168965072,0.075628679,non-significant,T279W
T,279,Y,0.786948881,0.175194541,0.493008439,non-significant,T279Y
Y,280,A,1.465133136,0.224344345,2.27097e-05,high_activity,Y280A
Y,280,C,0.83242855,0.146484335,0.474386242,non-significant,Y280C
Y,280,D,1.723593664,0.158996247,4.63e-11,high_activity,Y280D
Y,280,E,1.859554704,0.129750169,1.82e-21,high_activity,Y280E
Y,280,F,0.539797244,0.106912056,7.37e-06,low_activity,Y280F
Y,280,H,1.559216017,0.283891639,8.87e-12,high_activity,Y280H
Y,280,I,0.621917643,0.166717438,1.98958e-05,low_activity,Y280I
Y,280,K,1.117344442,0.141057361,0.461755351,non-significant,Y280K
Y,280,L,0.662268754,0.300948012,0.007111303,low_activity,Y280L
Y,280,M,0.967459622,0.214547007,0.992843971,non-significant,Y280M
Y,280,N,1.464083517,0.181214561,0.000331227,high_activity,Y280N
Y,280,P,1.47191963,0.309239377,0.000146521,high_activity,Y280P
Y,280,Q,1.772594859,0.205729181,6.01e-06,high_activity,Y280Q
Y,280,R,1.000211578,0.027081862,0.569855562,non-significant,Y280R
Y,280,T,1.512336911,0.369763897,5.05954e-05,high_activity,Y280T
Y,280,V,0.816281971,0.171764899,0.098662485,non-significant,Y280V
Y,280,W,0.514754663,0.317712783,0.006428491,low_activity,Y280W
N,281,A,0.692701741,0.168577301,0.000103345,low_activity,N281A
N,281,C,0.606328922,0.101127274,0.000432695,low_activity,N281C
N,281,D,1.244974243,0.189648071,0.02270521,high_activity,N281D
N,281,E,0.774981931,0.114746512,0.205093662,non-significant,N281E
N,281,F,0.649431061,0.132407182,0.003020641,low_activity,N281F
N,281,G,0.791005644,0.120488058,0.129692463,non-significant,N281G
N,281,H,0.609866435,0.211682011,0.000907746,low_activity,N281H
N,281,I,0.567715691,0.108180366,1.95e-08,low_activity,N281I
N,281,L,0.643264674,0.138427486,0.000745082,low_activity,N281L
N,281,P,1.140415541,0.117594459,0.204702402,non-significant,N281P
N,281,Q,0.678185808,0.086373497,0.027557072,low_activity,N281Q
N,281,R,0.498392039,0.187509807,5.68784e-05,low_activity,N281R
N,281,S,0.75492253,0.151584703,0.064442107,non-significant,N281S
N,281,T,0.597732337,0.150922361,0.001175141,low_activity,N281T
N,281,W,0.568439069,0.161105934,0.000432091,low_activity,N281W
N,281,Y,0.608053726,0.107925496,0.000143085,low_activity,N281Y
P,282,A,1.147352495,0.652674403,0.81870156,non-significant,P282A
P,282,C,0.787737271,0.162892098,0.009728517,low_activity,P282C
P,282,D,1.22543935,0.25929965,0.178772672,non-significant,P282D
P,282,E,1.189836747,0.205720424,0.119436075,non-significant,P282E
P,282,F,0.616635926,0.126713,0.001123511,low_activity,P282F
P,282,G,1.062348748,0.101100806,0.964517257,non-significant,P282G
P,282,H,0.985516393,0.082256531,0.966136054,non-significant,P282H
P,282,I,0.514876588,0.116739082,8.49924e-05,low_activity,P282I
P,282,K,0.85515996,0.147662794,0.233482572,non-significant,P282K
P,282,L,0.626109633,0.128172744,0.005693715,low_activity,P282L
P,282,M,0.804532926,0.07917922,0.051893783,non-significant,P282M
P,282,N,1.079036847,0.163965436,0.45872633,non-significant,P282N
P,282,Q,0.980172778,0.242068528,0.615856668,non-significant,P282Q
P,282,S,1.158377915,0.333946962,0.445178627,non-significant,P282S
P,282,T,1.120190428,0.069048032,0.282894719,non-significant,P282T
P,282,V,0.605341518,0.151522573,0.001062906,low_activity,P282V
P,282,W,0.652339702,0.11901497,0.001614301,low_activity,P282W
P,282,Y,0.854727055,0.15063568,0.82531351,non-significant,P282Y
M,283,A,0.959794698,0.362399844,0.678055331,non-significant,M283A
M,283,C,0.978265623,0.20194206,0.797452917,non-significant,M283C
M,283,D,1.124348209,0.195001369,0.316467186,non-significant,M283D
M,283,E,1.409201254,0.145524131,0.004394099,high_activity,M283E
M,283,F,0.618645122,0.151696697,0.000575244,low_activity,M283F
M,283,G,1.006404004,0.418999283,0.610563741,non-significant,M283G
M,283,H,0.755403763,0.089753927,0.032582829,low_activity,M283H
M,283,I,0.81779513,0.122873818,0.039566541,low_activity,M283I
M,283,K,0.559619646,0.076773566,0.000320806,low_activity,M283K
M,283,L,0.789985191,0.160037425,0.011268865,low_activity,M283L
M,283,N,1.277453555,0.338623384,0.234013512,non-significant,M283N
M,283,P,0.848285617,0.221925857,0.357280409,non-significant,M283P
M,283,Q,1.133239589,0.313850642,0.044535299,high_activity,M283Q
M,283,R,0.513051803,0.11517535,0.000177957,low_activity,M283R
M,283,S,1.113067914,0.270832858,0.867467785,non-significant,M283S
M,283,T,1.117846902,0.196218845,0.169128829,non-significant,M283T
M,283,V,1.073026346,0.122096947,0.861080052,non-significant,M283V
M,283,W,0.867787069,0.176873309,0.206606802,non-significant,M283W
M,283,Y,0.923153056,0.267492938,0.961610771,non-significant,M283Y
D,284,A,0.638198525,0.073938329,0.004505193,low_activity,D284A
D,284,C,0.470454664,0.258970982,0.015667351,low_activity,D284C
D,284,E,1.143501362,0.179657434,0.184126336,non-significant,D284E
D,284,F,0.651444121,0.13340502,1.48181e-05,low_activity,D284F
D,284,G,0.621286788,0.104673234,3.04e-06,low_activity,D284G
D,284,H,0.660102916,0.088302233,0.000326464,low_activity,D284H
D,284,I,0.617040059,0.250181962,0.003076368,low_activity,D284I
D,284,K,0.67700528,0.194793711,0.000356132,low_activity,D284K
D,284,L,0.588271749,0.119647499,5.60965e-05,low_activity,D284L
D,284,M,0.665158974,0.221224316,0.006161468,low_activity,D284M
D,284,N,0.74019996,0.166040318,0.045915827,low_activity,D284N
D,284,P,0.733444695,0.07545147,0.030833922,low_activity,D284P
D,284,Q,0.681784889,0.177141937,0.003776582,low_activity,D284Q
D,284,R,0.612958658,0.252781301,0.002771699,low_activity,D284R
D,284,S,0.680759237,0.139478902,0.000980248,low_activity,D284S
D,284,T,0.724607045,0.200868189,0.096081814,non-significant,D284T
D,284,V,0.620431987,0.13983283,0.004496632,low_activity,D284V
D,284,W,0.603653063,0.154044339,0.006568464,low_activity,D284W
D,284,Y,0.816618386,0.432227263,0.11415681,non-significant,D284Y
P,285,A,0.821475417,0.163162951,0.03137729,low_activity,P285A
P,285,C,1.037952134,0.248926594,0.354209896,non-significant,P285C
P,285,E,1.110994113,0.196524259,0.493509462,non-significant,P285E
P,285,F,0.9348488,0.267955452,0.301845581,non-significant,P285F
P,285,G,0.963594942,0.159206682,0.360265681,non-significant,P285G
P,285,H,1.128977685,0.13927618,0.14444544,non-significant,P285H
P,285,I,0.719004341,0.094667773,0.148641032,non-significant,P285I
P,285,K,0.60952764,0.175625733,0.000830442,low_activity,P285K
P,285,L,0.648509926,0.182186916,0.00269274,low_activity,P285L
P,285,M,0.898841464,0.265079034,0.616350264,non-significant,P285M
P,285,N,1.239085857,0.288921598,0.166490551,non-significant,P285N
P,285,Q,0.98355383,0.033291141,0.67049437,non-significant,P285Q
P,285,R,0.627073202,0.101559941,5.44519e-05,low_activity,P285R
P,285,S,0.961610475,0.103108411,0.910301096,non-significant,P285S
P,285,T,0.869028344,0.120308677,0.503312221,non-significant,P285T
P,285,V,0.990956909,0.114921143,0.936978516,non-significant,P285V
P,285,W,0.917628028,0.463867115,0.430889068,non-significant,P285W
P,285,Y,0.869958116,0.298908694,0.070907252,non-significant,P285Y
L,286,A,1.252367664,0.162669883,0.016643931,high_activity,L286A
L,286,C,1.124864869,0.099078433,0.108590879,non-significant,L286C
L,286,D,1.118694055,0.2423291,0.150401486,non-significant,L286D
L,286,E,1.181543805,0.0889155,0.148809002,non-significant,L286E
L,286,F,0.938330084,0.135194124,0.893278818,non-significant,L286F
L,286,G,1.099626695,0.127174613,0.231309786,non-significant,L286G
L,286,H,1.164779358,0.220516408,0.508720882,non-significant,L286H
L,286,I,1.033535151,0.123396849,0.916254925,non-significant,L286I
L,286,K,0.923159091,0.150014511,0.866351141,non-significant,L286K
L,286,M,1.024007308,0.112067289,0.336535052,non-significant,L286M
L,286,N,1.131617873,0.072847067,0.669581964,non-significant,L286N
L,286,P,1.178002996,0.196160866,0.012596705,high_activity,L286P
L,286,Q,1.062824153,0.226808151,0.496849404,non-significant,L286Q
L,286,R,0.722394796,0.134150193,0.006089785,low_activity,L286R
L,286,S,0.974684853,0.219399939,0.982835254,non-significant,L286S
L,286,T,1.065517039,0.217877219,0.935221391,non-significant,L286T
L,286,V,1.154240881,0.139029842,0.353280713,non-significant,L286V
L,286,W,1.058461759,0.133216073,0.837635038,non-significant,L286W
L,286,Y,1.015427147,0.07668619,0.40608892,non-significant,L286Y
D,287,A,0.642895096,0.221743444,0.002853481,low_activity,D287A
D,287,C,0.709577097,0.203500783,0.211628028,non-significant,D287C
D,287,E,0.913616522,0.116844609,0.364070935,non-significant,D287E
D,287,F,0.698605379,0.248431234,0.049405601,low_activity,D287F
D,287,G,0.658980117,0.235405469,0.018428942,low_activity,D287G
D,287,H,0.703096636,0.110789465,9.86594e-05,low_activity,D287H
D,287,I,0.629067542,0.191897302,0.000806984,low_activity,D287I
D,287,K,0.586771263,0.152945585,0.000113008,low_activity,D287K
D,287,L,0.663626552,0.20606464,0.022250634,low_activity,D287L
D,287,M,0.555244387,0.135902191,4.46e-06,low_activity,D287M
D,287,N,0.754835177,0.295238327,0.003267702,low_activity,D287N
D,287,P,0.704245349,0.157899174,0.00908342,low_activity,D287P
D,287,Q,0.71076158,0.182074296,0.000411708,low_activity,D287Q
D,287,R,0.61314417,0.250601493,0.011371216,low_activity,D287R
D,287,S,0.968335281,0.349441633,0.430591247,non-significant,D287S
D,287,T,0.853700588,0.218823172,0.122014032,non-significant,D287T
D,287,V,0.854049087,0.141700788,0.299917005,non-significant,D287V
D,287,W,0.641431193,0.09432379,0.000229697,low_activity,D287W
D,287,Y,0.696508812,0.075741127,0.018951592,low_activity,D287Y
Y,288,A,1.052643302,0.212597192,0.851794398,non-significant,Y288A
Y,288,C,0.964198619,0.101162692,0.583199848,non-significant,Y288C
Y,288,D,1.207024566,0.266983514,0.017409556,high_activity,Y288D
Y,288,E,1.11488191,0.128619222,0.406869803,non-significant,Y288E
Y,288,F,0.882464384,0.237065312,0.629488019,non-significant,Y288F
Y,288,G,0.851912351,0.076637581,0.544874954,non-significant,Y288G
Y,288,H,1.185208573,0.122660223,0.029219393,high_activity,Y288H
Y,288,I,0.86851874,0.17930554,0.225412576,non-significant,Y288I
Y,288,K,0.81844321,0.168188583,0.26811158,non-significant,Y288K
Y,288,L,0.859555602,0.10944038,0.073759379,non-significant,Y288L
Y,288,M,0.927607899,0.205121866,0.9292517,non-significant,Y288M
Y,288,N,0.872711974,0.375185162,0.360265681,non-significant,Y288N
Y,288,P,1.032448122,0.077748562,0.674150892,non-significant,Y288P
Y,288,Q,1.088504766,0.141292579,0.85216921,non-significant,Y288Q
Y,288,R,0.603466084,0.233090846,0.004819839,low_activity,Y288R
Y,288,S,1.10469249,0.135983254,0.338774708,non-significant,Y288S
Y,288,T,1.013493678,0.141648354,0.510124223,non-significant,Y288T
Y,288,V,1.040992558,0.235412166,0.94639859,non-significant,Y288V
Y,288,W,0.643081188,0.050468567,0.000309001,low_activity,Y288W
K,289,A,1.365348921,0.101296556,0.004332102,high_activity,K289A
K,289,C,0.935236148,0.132346593,0.586328041,non-significant,K289C
K,289,D,1.23265024,0.119715047,0.027703797,high_activity,K289D
K,289,E,1.024166842,0.119752764,0.971187137,non-significant,K289E
K,289,F,0.753244015,0.22280879,0.090836078,non-significant,K289F
K,289,G,1.263960566,0.215563929,0.06498188,non-significant,K289G
K,289,H,1.108573577,0.215916884,0.698441953,non-significant,K289H
K,289,I,1.094846958,0.139461912,0.386893077,non-significant,K289I
K,289,L,0.731866264,0.220155587,0.031036107,low_activity,K289L
K,289,M,1.071212249,0.207151823,0.602545155,non-significant,K289M
K,289,N,1.079933967,0.338719942,0.220918962,non-significant,K289N
K,289,P,1.043180355,0.291990717,0.648036471,non-significant,K289P
K,289,Q,0.991247902,0.10815164,0.726867833,non-significant,K289Q
K,289,R,0.97449204,0.189029625,0.742666291,non-significant,K289R
K,289,S,1.200353977,0.25993033,0.34298556,non-significant,K289S
K,289,T,1.092052693,0.131462976,0.083609214,non-significant,K289T
K,289,V,1.080516438,0.13031308,0.260915995,non-significant,K289V
K,289,W,0.751291582,0.217513606,0.042126115,low_activity,K289W
K,289,Y,0.843983473,0.104404674,0.073294924,non-significant,K289Y
D,290,A,0.570595826,0.366519141,0.007080849,low_activity,D290A
D,290,C,0.572833388,0.198387513,0.002360144,low_activity,D290C
D,290,E,1.030790563,0.371943947,0.986072089,non-significant,D290E
D,290,F,0.532192891,0.159948247,2.69217e-05,low_activity,D290F
D,290,G,0.682927952,0.224594344,0.000398066,low_activity,D290G
D,290,H,0.477124887,0.061467801,0.005477715,low_activity,D290H
D,290,I,0.476082602,0.061281596,1.05838e-05,low_activity,D290I
D,290,K,0.63794172,0.201264009,0.000975064,low_activity,D290K
D,290,L,0.654162841,0.140862009,0.00111341,low_activity,D290L
D,290,M,0.63671862,0.162330026,0.000156312,low_activity,D290M
D,290,N,0.596773301,0.129213476,4.45118e-05,low_activity,D290N
D,290,P,0.698445383,0.112803186,0.003793003,low_activity,D290P
D,290,Q,0.705815463,0.175027048,0.022619981,low_activity,D290Q
D,290,R,0.769637264,0.117483897,0.005952671,low_activity,D290R
D,290,S,0.691899766,0.22454166,0.001145496,low_activity,D290S
D,290,T,0.55392517,0.138806515,9.88e-06,low_activity,D290T
D,290,V,0.67927293,0.098238366,0.001247245,low_activity,D290V
D,290,W,0.686949568,0.091972974,0.003190406,low_activity,D290W
D,290,Y,0.486420612,0.104391457,4.53e-10,low_activity,D290Y
Q,291,A,0.828140966,0.290132367,0.296404723,non-significant,Q291A
Q,291,C,0.658983155,0.126152453,0.028719689,low_activity,Q291C
Q,291,D,1.426653544,0.237902237,7.09609e-05,high_activity,Q291D
Q,291,E,1.39380399,0.040330695,0.025172042,high_activity,Q291E
Q,291,F,0.801815068,0.302445988,0.020044582,low_activity,Q291F
Q,291,G,0.906283682,0.237881587,0.925354628,non-significant,Q291G
Q,291,H,0.873861211,0.068269647,0.20558295,non-significant,Q291H
Q,291,I,0.673455318,0.156979422,0.000179329,low_activity,Q291I
Q,291,K,0.692173542,0.110797799,0.001734807,low_activity,Q291K
Q,291,L,0.713700244,0.136051987,0.118447569,non-significant,Q291L
Q,291,M,0.878551816,0.120954225,0.364658628,non-significant,Q291M
Q,291,N,1.135165804,0.190397289,0.655208977,non-significant,Q291N
Q,291,R,0.647856648,0.150470517,0.001176645,low_activity,Q291R
Q,291,S,0.927441974,0.080072013,0.778343879,non-significant,Q291S
Q,291,T,0.828595984,0.181904249,0.174024614,non-significant,Q291T
Q,291,V,0.709644458,0.143416938,0.000943239,low_activity,Q291V
Q,291,W,0.776745234,0.170195772,0.019066956,low_activity,Q291W
Q,291,Y,0.877289432,0.104817737,0.145365468,non-significant,Q291Y
S,292,A,0.997652717,0.184841073,0.921288764,non-significant,S292A
S,292,C,0.703713832,0.142832696,0.00908342,low_activity,S292C
S,292,D,1.701742787,0.098813019,1.83e-08,high_activity,S292D
S,292,E,1.643509283,0.217894519,6.1e-08,high_activity,S292E
S,292,F,0.656907526,0.128990938,0.000745082,low_activity,S292F
S,292,G,0.833137135,0.103127711,0.129692463,non-significant,S292G
S,292,H,0.851886755,0.103081804,0.510976709,non-significant,S292H
S,292,I,0.606898561,0.161782915,0.011617245,low_activity,S292I
S,292,K,0.66595582,0.198290662,0.004293071,low_activity,S292K
S,292,L,0.575557326,0.104798289,0.000103673,low_activity,S292L
S,292,M,0.794467894,0.106978135,0.061351252,non-significant,S292M
S,292,N,1.383973945,0.142986533,0.001934198,high_activity,S292N
S,292,P,0.913269582,0.174489587,0.751757267,non-significant,S292P
S,292,Q,0.992853253,0.341464863,0.773607512,non-significant,S292Q
S,292,T,1.073151869,0.100370118,0.649003057,non-significant,S292T
S,292,V,0.81043408,0.139539032,0.012773854,low_activity,S292V
S,292,W,0.558149525,0.183750051,1.05838e-05,low_activity,S292W
S,292,Y,0.690805713,0.190343057,0.055447184,non-significant,S292Y
A,293,C,0.675445337,0.219694885,0.011347287,low_activity,A293C
A,293,D,1.181745825,0.199384509,0.048152867,high_activity,A293D
A,293,E,1.299471213,0.199545564,0.021215311,high_activity,A293E
A,293,F,0.652994236,0.184715795,5.94063e-05,low_activity,A293F
A,293,G,0.742745301,0.120206469,0.096767787,non-significant,A293G
A,293,H,0.949636098,0.022070585,0.348764578,non-significant,A293H
A,293,I,0.694425369,0.198214355,0.007003541,low_activity,A293I
A,293,K,0.786867203,0.052979934,0.056527475,non-significant,A293K
A,293,L,0.879327384,0.123669448,0.091044162,non-significant,A293L
A,293,M,0.802970954,0.25964662,0.126078778,non-significant,A293M
A,293,N,1.012866802,0.267554477,0.262890387,non-significant,A293N
A,293,P,0.818713252,0.056482206,0.10817652,non-significant,A293P
A,293,Q,1.148422713,0.228482345,0.101398962,non-significant,A293Q
A,293,R,0.708866796,0.195867829,0.004897168,low_activity,A293R
A,293,S,0.879585934,0.10693623,0.507175535,non-significant,A293S
A,293,T,0.880215707,0.085069343,0.306682069,non-significant,A293T
A,293,V,0.697308518,0.104747461,0.011332731,low_activity,A293V
A,293,W,0.765102258,0.180489294,0.035325002,low_activity,A293W
A,293,Y,0.892442411,0.178313267,0.118744829,non-significant,A293Y
W,294,A,1.793168923,0.208106045,1.7e-07,high_activity,W294A
W,294,C,1.77638121,0.266258891,9.16e-07,high_activity,W294C
W,294,D,2.034844331,0.279596763,1.39e-13,high_activity,W294D
W,294,E,2.088943967,0.211477875,1.79e-22,high_activity,W294E
W,294,F,1.234690721,0.161424561,0.066040174,non-significant,W294F
W,294,G,1.226403931,0.262954049,0.002214112,high_activity,W294G
W,294,H,1.585716326,0.228728819,1.28e-08,high_activity,W294H
W,294,I,1.285283729,0.252724755,0.053546897,non-significant,W294I
W,294,K,1.448174335,0.267711314,7.37871e-05,high_activity,W294K
W,294,L,1.382454708,0.113112832,0.000332838,high_activity,W294L
W,294,M,1.637636871,0.077053099,1.37e-06,high_activity,W294M
W,294,N,1.929636354,0.290970954,1.78e-10,high_activity,W294N
W,294,P,1.471880355,0.087082765,4.93468e-05,high_activity,W294P
W,294,Q,1.528162602,0.17447383,0.001176645,high_activity,W294Q
W,294,R,1.641603815,0.20921722,4.57125e-05,high_activity,W294R
W,294,S,2.047398552,0.082097499,3.07e-15,high_activity,W294S
W,294,T,1.68649374,0.33599564,3.66e-11,high_activity,W294T
W,294,V,1.146328922,0.265870603,0.244489767,non-significant,W294V
W,294,Y,1.394255136,0.16283208,0.000749742,high_activity,W294Y
K,295,A,1.044162266,0.25172621,0.286898256,non-significant,K295A
K,295,C,0.70146279,0.18445935,0.000115945,low_activity,K295C
K,295,D,1.479703938,0.158964184,0.00703759,high_activity,K295D
K,295,E,1.032889036,0.246355282,0.897494057,non-significant,K295E
K,295,F,0.617479611,0.139716956,8.96751e-05,low_activity,K295F
K,295,G,1.073455404,0.079287794,0.829637732,non-significant,K295G
K,295,H,0.892189384,0.234311958,0.245199843,non-significant,K295H
K,295,L,0.686869021,0.135739296,0.00489841,low_activity,K295L
K,295,M,0.619383586,0.182649356,0.00221608,low_activity,K295M
K,295,N,1.688973059,0.030858706,6.95e-06,high_activity,K295N
K,295,P,1.458725158,0.230690232,1.98262e-05,high_activity,K295P
K,295,Q,1.06007686,0.142135397,0.282467353,non-significant,K295Q
K,295,R,0.857795091,0.282667079,0.02394939,low_activity,K295R
K,295,S,1.098006471,0.187788259,0.23666533,non-significant,K295S
K,295,T,0.5241556,0.166987576,6.06e-06,low_activity,K295T
K,295,V,0.556289866,0.158258575,7.61524e-05,low_activity,K295V
K,295,W,0.719067852,0.106490671,0.006931993,low_activity,K295W
K,295,Y,0.771397571,0.252224362,0.011259227,low_activity,K295Y
F,296,A,1.909989452,0.232000007,5.94e-11,high_activity,F296A
F,296,C,1.711576746,0.302977122,1.94e-06,high_activity,F296C
F,296,D,2.386393836,0.354354684,3.74e-14,high_activity,F296D
F,296,E,2.1000451,0.153011853,2.97e-08,high_activity,F296E
F,296,G,1.991920355,0.251542576,8.85e-17,high_activity,F296G
F,296,H,1.836132279,0.391090809,1.88e-06,high_activity,F296H
F,296,I,0.610728311,0.141918443,0.000155073,low_activity,F296I
F,296,K,1.483375636,0.369564721,0.000753648,high_activity,F296K
F,296,L,0.999605577,0.191806434,0.823663549,non-significant,F296L
F,296,M,1.443452416,0.320850224,6.34e-07,high_activity,F296M
F,296,N,2.093664552,0.160345461,4.37e-22,high_activity,F296N
F,296,P,1.802819427,0.189503106,8.63e-12,high_activity,F296P
F,296,Q,2.033375309,0.161043143,2.02e-19,high_activity,F296Q
F,296,R,1.657357,0.438288714,6.96e-06,high_activity,F296R
F,296,S,2.052654647,0.212967512,5.2500000000000005e-21,high_activity,F296S
F,296,T,1.802223173,0.177990146,2.16e-16,high_activity,F296T
F,296,V,0.952223863,0.265292511,0.823663549,non-significant,F296V
F,296,W,1.102742646,0.322908101,0.63950793,non-significant,F296W
F,296,Y,1.336509698,0.190054676,0.024196952,high_activity,F296Y
Q,297,A,0.715705548,0.15596233,0.007567173,low_activity,Q297A
Q,297,C,0.461268482,0.143443736,0.000308179,low_activity,Q297C
Q,297,D,1.780322585,0.203975191,1.37e-07,high_activity,Q297D
Q,297,E,0.899957928,0.197986593,0.772385365,non-significant,Q297E
Q,297,F,0.811393878,0.130237783,0.327772213,non-significant,Q297F
Q,297,G,1.354569204,0.296490665,0.142052324,non-significant,Q297G
Q,297,H,1.066253554,0.449342898,0.610807578,non-significant,Q297H
Q,297,I,0.753356547,0.259221206,0.006824692,low_activity,Q297I
Q,297,K,1.045348831,0.237503941,0.992685533,non-significant,Q297K
Q,297,L,0.534831137,0.170300448,0.00024735,low_activity,Q297L
Q,297,M,0.61134666,0.162348562,0.000438927,low_activity,Q297M
Q,297,N,1.429485608,0.212811802,0.005916883,high_activity,Q297N
Q,297,P,1.256507352,0.167812649,0.04844609,high_activity,Q297P
Q,297,R,0.850056274,0.329605678,0.658461643,non-significant,Q297R
Q,297,S,0.838868502,0.42005132,0.180681393,non-significant,Q297S
Q,297,T,0.703478196,0.151515076,0.000985995,low_activity,Q297T
Q,297,V,0.655347698,0.150677535,0.009463788,low_activity,Q297V
Q,297,W,0.616624418,0.087257235,0.00010046,low_activity,Q297W
Q,297,Y,0.744857257,0.179210439,0.003215078,low_activity,Q297Y
I,298,A,1.946860044,0.209664984,2.89e-12,high_activity,I298A
I,298,C,1.392340695,0.228135155,0.003998674,high_activity,I298C
I,298,D,1.903055727,0.163498287,2.67e-08,high_activity,I298D
I,298,E,2.083286441,0.15018799,1.8e-13,high_activity,I298E
I,298,F,1.184798789,0.169601225,0.423091785,non-significant,I298F
I,298,G,1.907332654,0.442388811,1.65e-06,high_activity,I298G
I,298,H,1.682048273,0.336165238,1.86e-06,high_activity,I298H
I,298,K,1.924623971,0.470868319,9.9551e-05,high_activity,I298K
I,298,L,1.151626285,0.130054792,0.387921901,non-significant,I298L
I,298,M,1.380935885,0.262768351,0.030385561,high_activity,I298M
I,298,N,1.969596109,0.4443334,1.75e-13,high_activity,I298N
I,298,P,1.927362959,0.404187402,2.14e-09,high_activity,I298P
I,298,Q,2.152698101,0.217860456,1.23e-11,high_activity,I298Q
I,298,R,1.674005692,0.319865165,4.16e-06,high_activity,I298R
I,298,S,1.854159888,0.176194092,7.19e-11,high_activity,I298S
I,298,T,2.18983272,0.142779342,7.16e-11,high_activity,I298T
I,298,V,1.165949087,0.149762274,0.090521167,non-significant,I298V
I,298,W,1.183389713,0.171868884,0.210712041,non-significant,I298W
I,298,Y,1.292900234,0.370789104,0.286922722,non-significant,I298Y
L,299,A,1.491322548,0.167996389,0.002879459,high_activity,L299A
L,299,C,1.28538841,0.194097839,0.135251555,non-significant,L299C
L,299,D,1.4803362,0.112682473,0.010474487,high_activity,L299D
L,299,E,1.565574074,0.186303025,4.30936e-05,high_activity,L299E
L,299,F,0.972802909,0.138902075,0.340466674,non-significant,L299F
L,299,H,1.823715401,0.337506753,6.76e-07,high_activity,L299H
L,299,I,0.591028124,0.291874598,0.081504348,non-significant,L299I
L,299,K,1.397792015,0.109857382,0.026462169,high_activity,L299K
L,299,M,1.262185875,0.280133081,0.107447791,non-significant,L299M
L,299,P,1.729020243,0.334431318,3.75e-06,high_activity,L299P
L,299,Q,1.555731727,0.304800632,0.000232383,high_activity,L299Q
L,299,R,1.428001694,0.170480745,0.022598799,high_activity,L299R
L,299,S,1.357672895,0.194002821,0.021560859,high_activity,L299S
L,299,T,1.353764703,0.476249564,0.032778554,high_activity,L299T
L,299,W,0.993020015,0.306312989,0.660707769,non-significant,L299W
